1,-,0,VHY 315-5MT 4794,SINGLE COP20 ORGANIC,SAY,DEEP TAUPE SO 20.12.30.C2,21.01.18.T3,-,1Z455,,,-,-
2,-,0,VHY 315-5MR 4795,RIB 1X1 COP26+E20,DHTP,DEEP TAUPE SO 20.12.30.C2,21.01.18.T3,-,1Z454,,,-,-
3,-,0,TVN 058,SINGLE CO40+E40,DHSB,ĐEN MỚI SO 19.12.31.D1,20.01.05.F1,-,1Z705,,,-,-
4,-,0,TVN 058,SINGLE CO40+E40,DHSB,BE SO 20.12.12.D2,20.12.12.D2.1,-,1Z704,,,-,-
5,-,0,TVN 058,SINGLE CO40+E40,DHSB,ĐEN MỚI SO 19.12.31.D1,20.01.05.F1,-,1Z750,,,-,-
6,-,0,TVN 058,SINGLE CO40+E40,DHSB,BE SO 20.12.12.D2,20.12.12.D2.1,-,1Z685,,,-,-
7,-,0,TVN 058,SINGLE CO40+E40,DHSB,ĐEN MỚI SO 19.12.31.D1,20.01.05.F1,-,1Z683,,,-,-
8,-,0,TVN 058,SINGLE CO40+E40,DHTP,BE SO 20.12.12.D2,20.12.12.D2.1,-,1Z685,,,-,-
9,-,0,TVN 058,SINGLE CO40+E40,DHTP,ĐEN MỚI SO 19.12.31.D1,20.01.05.F1,-,1Z683,,,-,-
10,-,0,TVN 058,SINGLE CO40+E40,DHTP,ĐEN MỚI SO 19.12.31.D1,20.01.05.F1,-,1Z705,,,-,-
11,-,0,TVN 058,SINGLE CO40+E40,DHTP,ĐEN MỚI SO 19.12.31.D1,20.01.05.F1,-,1Z750,,,-,-
12,-,0,TVN 058,SINGLE CO40+E40,DHSB,BE SO 20.12.12.D2,20.12.12.D2.1,-,1Z684,,,-,-
13,-,0,TVN 058,SINGLE CO40+E40,DHSB,ĐEN MỚI SO 19.12.31.D1,20.01.05.F1,-,1Z751,,,-,-
14,-,0,TVN 058,SINGLE CO40+E40,DHTP,BE SO 20.12.12.D2,20.12.12.D2.1,-,1Z684,,,-,-
15,-,0,TTB 233,ĐIỂM RY FILAMENT BÓNG,DHTP,ĐEN SO 10.06.22.R1,16.11.15.R1,-,1Z396,,,-,-
16,-,0,TTB 233,ĐIỂM RY FILAMENT BÓNG,DHTP,ĐEN SO 10.06.22.R1,16.11.15.R1,-,1Z650,,,-,-
17,-,0,TTB 233,ĐIỂM RY FILAMENT BÓNG,DHTP,ĐEN SO 10.06.22.R1,16.11.15.R1,-,1Z394,,,-,-
18,-,0,TTB 233,ĐIỂM RY FILAMENT BÓNG,DHTP,ĐEN SO 10.06.22.R1,16.11.15.R1,-,1Z398,,,-,-
19,-,0,TTB 233,ĐIỂM RY FILAMENT BÓNG,DHTP,ĐEN SO 10.06.22.R1,16.11.15.R1,-,1Z397,,,-,-
20,-,0,TTB 233,ĐIỂM RY FILAMENT BÓNG,DHTP,ĐEN SO 10.06.22.R1,16.11.15.R1,-,1Z393,,,-,-
21,-,0,TTB 233,ĐIỂM RY FILAMENT BÓNG,DHTP,ĐEN SO 10.06.22.R1,16.11.15.R1,-,1Z386,,,-,-
22,-,0,TTB 233,ĐIỂM RY FILAMENT BÓNG,DHTP,ĐEN SO 10.06.22.R1,16.11.15.R1,-,1Z385,,,-,-
23,-,0,TTB 233,ĐIỂM RY FILAMENT BÓNG,DHTP,ĐEN SO 10.06.22.R1,16.11.15.R1,-,1Z391,,,-,-
24,-,0,TTB 233,ĐIỂM RY FILAMENT BÓNG,DHTP,ĐEN SO 10.06.22.R1,16.11.15.R1,-,1Z387,,,-,-
25,-,0,TTB 233,ĐIỂM RY FILAMENT BÓNG,DHTP,ĐEN SO 10.06.22.R1,16.11.15.R1,-,1Z389,,,-,-
26,-,0,TTB 233,ĐIỂM RY FILAMENT BÓNG,DHTP,ĐEN SO 10.06.22.R1,16.11.15.R1,-,1Z390,,,-,-
27,-,0,TTB 233,ĐIỂM RY FILAMENT BÓNG,DHTP,ĐEN SO 10.06.22.R1,16.11.15.R1,-,1Z388,,,-,-
28,-,0,TTB 233,ĐIỂM RY FILAMENT BÓNG,DHTP,ĐEN SO 10.06.22.R1,16.11.15.R1,-,1Z395,,,-,-
29,-,0,TTB 233,ĐIỂM RY FILAMENT BÓNG,DHTP,ĐEN SO 10.06.22.R1,16.11.15.R1,-,1Z392,,,-,-
30,-,0,TCN 010,RIB 1X1 CO26 SIRO,DHTP,TRẮNG,20.10.21.W1,-,1Z401,,,-,-
31,-,0,TCN 010,RIB 1X1 CO26 SIRO,DHTP,TRẮNG,20.10.21.W1,-,1Z403,,,-,-
32,-,0,TCN 010,RIB 1X1 CO26 SIRO,DHTP,POSY GREEN 18-5616 TPG,21.01.05.A2.2,-,1Z402,,,-,-
33,-,0,TCN 010,RIB 1X1 CO26 SIRO,DHTP,TRẮNG,20.10.21.W1,-,1Z404,,,-,-
34,-,0,TCN 007,SINGLE CO26 SIRO,SAY,TRẮNG,20.10.21.W1,-,1Z405,,,-,-
35,-,0,TCN 007,SINGLE CO26 SIRO,SAY,TRẮNG,20.10.21.W1,-,1Z399,,,-,-
36,-,0,TCN 007,SINGLE CO26 SIRO,SAY,POSY GREEN 18-5616 TPG,21.01.05.A2.2,-,1Z400,,,-,-
37,-,0,TCN 007,SINGLE CO26 SIRO,SAY,TRẮNG,20.10.21.W1,-,1Z406,,,-,-
38,-,0,QHG 157-VTH 175,ĐIỂM VISCO-160,DHTP,ĐEN SO 16.11.15.R1,21.01.18.T1,-,1Z195,,,-,-
39,-,0,QHG 157-VTH 175,ĐIỂM VISCO-160,DHTP,ĐEN SO 10.06.22.R1,16.12.02.T1,-,1Z112,,,-,-
40,-,0,QHG 156-NÐH 160,ĐIỂM VISCO-1.45,DHTP,ĐEN SO 16.11.15.R1,19.08.03.T1,-,1Z194,,,-,-
41,-,0,QHG 156-NÐH 160,ĐIỂM VISCO-1.45,DHTP,TÍM THAN SO 16.03.03.D1,16.03.03.D3,-,1Z113,,,-,-
42,-,0,QHG 156-NÐH 160,ĐIỂM VISCO-1.45,DHTP,ĐÔ SO 10.12.11.C3,15.01.03.L1,-,1Z239,,,-,-
43,-,0,QHG 156-NÐH 160,ĐIỂM VISCO-1.45,DHTP,ĐEN SO 10.06.22.R1,16.11.15.R1,-,1Z240,,,-,-
44,-,0,QHG 156-NÐH 160,ĐIỂM VISCO-1.45,DHTP,ĐÔ MỚI SO 16.01.07.D1,18.03.23.E1,-,1Z238,,,-,-
45,-,0,QHG 156-NÐH 160,ĐIỂM VISCO-1.45,DHTP,ĐÔ MỚI SO 16.01.07.D1,18.03.23.E1,-,1Z035,,,-,-
46,-,0,QHG 156-NÐH 160,ĐIỂM VISCO-1.45,DHTP,ĐÔ MỚI SO 16.01.07.D1,18.03.23.E1,-,1Z036,,,-,-
47,-,0,QHG 155-NÐH 175,ĐIỂM VISCO-160,DHTP,ĐEN SO 10.06.22.R1,16.12.02.T1,-,1Z111,,,-,-
48,-,0,ONF 359-5MS 1188/025,SINGLE COP50+E30,DHSB,ĐEN ONOFF SO 19.05.27.A2,21.01.05.E1,-,1Z757,,,-,-
49,-,0,ONF 359-5MS 1188/025,SINGLE COP50+E30,DHSB,XANH ĐEN 1 SVV1 19-3921 TCX,19.05.08.B2,-,1Z746,,,-,-
50,-,0,ONF 358-5MS 1187/024,SINGLE COP50+E20,DHSB,HỒNG CHERRY 13-3207TPG,18.10.30.B3,-,1Z699,,,-,-
51,-,0,ONF 358-5MS 1187/024,SINGLE COP50+E20,DHTP,HỒNG CHERRY 13-3207TPG,18.10.30.B3,-,1Z699,,,-,-
52,-,0,ONF 331-5MR 4819,RIB 1X1 COP30 ECO+E40,DHTP,INDIA INK-SVV07 SO 20.11.07.E2,20.12.31.G1.1,-,1Z490,,,-,-
53,-,0,ONF 331-5MR 4819,RIB 1X1 COP30 ECO+E40,DHTP,INDIA INK-SVV07 SO 20.11.07.E2,20.12.31.G1.1,-,1Z491,,,-,-
54,-,0,ONF 331-5MR 4819,RIB 1X1 COP30 ECO+E40,DHTP,FROST GRAY - SAA1 SO 20.11.06.S2,21.01.21.T3,-,1Z520,,,-,-
55,-,0,ONF 331-5MP 4818,SINGLE COP30 ECO,SAY,FROST GRAY - SAA1 SO 20.11.06.S2,21.01.21.T3,-,1Z519,,,-,-
56,-,0,ONF 331-5MP 4818,SINGLE COP30 ECO,SAY,INDIA INK-SVV07 SO 20.11.07.E2,20.12.31.G1.1,-,1Z489,,,-,-
57,-,0,ONF 324-5MP 4811,SINGLE COP40+E20,DHSB,NAVY-SBB1 SO 18.10.04.C2,21.01.28.B1.1,-,1Z745,,,-,-
58,-,0,ONF 324-5MP 4811,SINGLE COP40+E20,DHSB,RÊU SGG9 SO 18.10.03.B1,21.01.29.A1.1,-,1Z763,,,-,-
59,-,0,MTN 353-5MS 0680/009,SINGLE COP26 ECO,SAY,TRẮNG,19.04.23.W1,-,1Z289,,,-,-
60,-,0,MTN 353-5MS 0680/009,SINGLE COP26 ECO,SAY,VÀNG BEESWAX 14-0941TPG,20.12.05.A1,-,1Z297,,,-,-
61,-,0,MTN 353-5MS 0680/009,SINGLE COP26 ECO,SAY,ĐEN,19.04.25.F1,-,1Z348,,,-,-
62,-,0,MTN 353-5MS 0680/009,SINGLE COP26 ECO,SAY,ĐEN,19.04.25.F1,-,1Z349,,,-,-
63,-,0,MTN 353-5MS 0680/009,SINGLE COP26 ECO,SAY,XANH LÁ 13-0331 TPG,20.11.28.H1,-,1Z298,,,-,-
64,-,0,HTH 360-5MS 0093/026,SINGLE CVC40+E20,DHSB,XÁM ĐẬM BCVC 65 SO 21.01.19.F2,21.01.27.A1.1,-,1Z608,,,-,-
65,-,0,HTH 360-5MS 0093/026,SINGLE CVC40+E20,DHSB,XANH PHẨY ĐEN SO 21.02.21.K2,21.01.26.K1.FA2,-,1Z571,,,-,-
66,-,0,HTH 360-5MS 0093/026,SINGLE CVC40+E20,DHSB,XANH ĐEN BCFC12-49 SO 21.01.21.N1,21.01.27.C1.FA2,-,1Z572,,,-,-
67,-,0,HTH 360-5MS 0093/026,SINGLE CVC40+E20,DHTP,XÁM ĐẬM BCVC 65 SO 21.01.19.F2,21.01.27.A1.1,-,1Z608,,,-,-
68,-,0,HTH 360-5MS 0093/026,SINGLE CVC40+E20,DHTP,XANH ĐEN BCFC12-49 SO 21.01.21.N1,21.01.27.C1.FA2,-,1Z572,,,-,-
69,-,0,HTH 360-5MS 0093/026,SINGLE CVC40+E20,DHSB,XÁM BCVCC07 SO 21.01.18.K1,21.01.27.D1.1,-,1Z538,,,-,-
70,-,0,HTH 360-5MS 0093/026,SINGLE CVC40+E20,DHSB,XANH ĐEN BCFC12-49 SO 21.01.21.N1,21.01.27.C1.FA2,-,1Z661,,,-,-
71,-,0,HTH 360-5MS 0093/026,SINGLE CVC40+E20,DHSB,XANH TÍM THAN B8188 SO 21.01.21.P2,21.01.26.F1.FA2,-,1Z540,,,-,-
72,-,0,HTH 360-5MS 0093/026,SINGLE CVC40+E20,DHTP,XÁM BCVCC07 SO 21.01.18.K1,21.01.27.D1.1,-,1Z538,,,-,-
73,-,0,HTH 360-5MS 0093/026,SINGLE CVC40+E20,DHTP,XANH ĐEN BCFC12-49 SO 21.01.21.N1,21.01.27.C1.FA2,-,1Z661,,,-,-
74,-,0,HTH 360-5MS 0093/026,SINGLE CVC40+E20,DHSB,XÁM ĐẬM BCVC 65 SO 21.01.19.F2,21.01.27.A1.1,-,1Z539,,,-,-
75,-,0,HTH 360-5MS 0093/026,SINGLE CVC40+E20,DHSB,BLUE SO 21.01.07.D2,21.01.26.G1.FA2,-,1Z576,,,-,-
76,-,0,HTH 360-5MS 0093/026,SINGLE CVC40+E20,DHTP,XÁM ĐẬM BCVC 65 SO 21.01.19.F2,21.01.27.A1.1,-,1Z539,,,-,-
77,-,0,HTH 360-5MS 0093/026,SINGLE CVC40+E20,DHTP,BLUE SO 21.01.07.D2,21.01.26.G1.FA2,-,1Z576,,,-,-
78,-,0,HTH 355-5MS 0093/012,SINGLE CVC40+E20,DHSB,TRẮNG 11-0601 TCX,21.01.07.W1,-,1Z478,,,-,-
79,-,0,HTH 355-5MS 0093/012,SINGLE CVC40+E20,DHSB,RÊU SO 21.01.07.B2,21.01.18.E1.FA2,-,1Z512,,,-,-
80,-,0,HTH 355-5MS 0093/012,SINGLE CVC40+E20,DHSB,NAVY SO 21.01.06.D1,21.01.18.D1.FA2,-,1Z359,,,-,-
81,-,0,HTH 355-5MS 0093/012,SINGLE CVC40+E20,DHSB,XANH DƯƠNG SO 21.01.06.L1,21.01.18.A1.FA2,-,1Z409,,,-,-
82,-,0,HTH 355-5MS 0093/012,SINGLE CVC40+E20,DHSB,XANH LAM 1 SO 21.01.06.F2,21.01.18.G1.FA2,-,1Z446,,,-,-
83,-,0,HTH 355-5MS 0093/012,SINGLE CVC40+E20,DHSB,ĐEN SO 21.01.06.H2,21.01.16.C1.FA2,-,1Z533,,,-,-
84,-,0,HTH 355-5MS 0093/012,SINGLE CVC40+E20,DHTP,TRẮNG 11-0601 TCX,21.01.07.W1,-,1Z478,,,-,-
85,-,0,HTH 355-5MS 0093/012,SINGLE CVC40+E20,DHTP,NAVY SO 21.01.06.D1,21.01.18.D1.FA2,-,1Z359,,,-,-
86,-,0,HTH 355-5MS 0093/012,SINGLE CVC40+E20,DHTP,RÊU SO 21.01.07.B2,21.01.18.E1.FA2,-,1Z512,,,-,-
87,-,0,HTH 355-5MS 0093/012,SINGLE CVC40+E20,DHTP,XANH DƯƠNG SO 21.01.06.L1,21.01.18.A1.FA2,-,1Z409,,,-,-
88,-,0,HTH 355-5MS 0093/012,SINGLE CVC40+E20,DHTP,XANH LAM 1 SO 21.01.06.F2,21.01.18.G1.FA2,-,1Z446,,,-,-
89,-,0,HTH 355-5MS 0093/012,SINGLE CVC40+E20,DHTP,ĐEN SO 21.01.06.H2,21.01.16.C1.FA2,-,1Z533,,,-,-
90,-,0,HTH 355-5MS 0093/012,SINGLE CVC40+E20,DHSB,XANH LAM,21.01.06.G1.FA2,-,1Z344,,,-,-
91,-,0,HTH 355-5MS 0093/012,SINGLE CVC40+E20,DHSB,BEIGE SO 21.01.07.A1,21.01.18.B1.FA2,-,1Z445,,,-,-
92,-,0,HTH 355-5MS 0093/012,SINGLE CVC40+E20,DHTP,XANH LAM,21.01.06.G1.FA2,-,1Z344,,,-,-
93,-,0,HTH 355-5MS 0093/012,SINGLE CVC40+E20,DHTP,BEIGE SO 21.01.07.A1,21.01.18.B1.FA2,-,1Z445,,,-,-
94,-,0,HIT 040,DOUBLE CO50,DHTP,SAX SO 20.11.23.C1,20.11.23.C1.1,-,1Z603,,,-,-
95,-,0,HIT 040,DOUBLE CO50,DHTP,SAX SO 20.11.23.C1,20.11.23.C1.1,-,1Z604,,,-,-
96,-,0,HIT 040,DOUBLE CO50,DHTP,BLUE SO 20.11.28.A1,20.12.21.L1.1,-,1Z557,,,-,-
97,-,0,HIT 039,DOUBLE CO50 KẺ SỌC,DHTP,,,-,1Z554,,,-,-
98,-,0,HIT 039,DOUBLE CO50 KẺ SỌC,DHTP,,,-,1Z676,,,-,-
99,-,0,HIT 039,DOUBLE CO50 KẺ SỌC,DHTP,,,-,1Z602,,,-,-
100,-,0,HIT 039,DOUBLE CO50 KẺ SỌC,DHTP,,,-,1Z680,,,-,-
101,-,0,HIT 038,DOUBLE CO50 GREZYU,DHTP,,,-,1Z351,,,-,-
102,-,0,HIT 037,DOUBLE CO50 M/GREY+CO50 IVORY KẺ SỌC,DHTP,,,-,1Z435,,,-,-
103,-,0,HIT 037,DOUBLE CO50 M/GREY+CO50 IVORY KẺ SỌC,DHTP,,,-,1Z377,,,-,-
104,-,0,HIT 037,DOUBLE CO50 M/GREY+CO50 IVORY KẺ SỌC,DHTP,,,-,1Z436,,,-,-
105,-,0,HIT 037,DOUBLE CO50 M/GREY+CO50 IVORY KẺ SỌC,DHTP,,,-,1Z321,,,-,-
106,-,0,HIT 035,DOUBLE CO50 MOKA,DHTP,,,-,1Z511,,,-,-
107,-,0,HIT 034,DOUBLE CO50 BLACK+CO50 IVORY KẺ SỌC,DHTP,,,-,1Z326,,,-,-
108,-,0,HIT 034,DOUBLE CO50 BLACK+CO50 IVORY KẺ SỌC,DHTP,,,-,1Z437,,,-,-
109,-,0,HIT 029,DOUBLE CO50 GREEN+CO50 GREZYU KẺ SỌC,DHTP,,,-,1Z378,,,-,-
110,-,0,HDG 316-5MT 4796,SINGLE CO40ML-SA536+E22,DHSB,,,-,1Z360,,,-,-
111,-,0,HDG 316-5MT 4796,SINGLE CO40ML-SA536+E22,DHSB,,,-,1Z444,,,-,-
112,-,0,HDG 316-5MT 4796,SINGLE CO40ML-SA536+E22,DHTP,,,-,1Z444,,,-,-
113,-,0,HDG 316-5MT 4796,SINGLE CO40ML-SA536+E22,DHTP,,,-,1Z360,,,-,-
114,-,0,HDG 316-5MT 4796,SINGLE CO40ML-SA536+E22,DHSB,,,-,1Z443,,,-,-
115,-,0,HDG 316-5MT 4796,SINGLE CO40ML-SA536+E22,DHTP,,,-,1Z443,,,-,-
116,-,0,HAA 362-5MS 1171/029,SINGLE CO40ML BC03+E20,DHSB,XÁM NHẠT ML BC03 - MAA1,19.07.06.W2,-,1Z695,,,-,-
117,-,0,HAA 362-5MS 1171/029,SINGLE CO40ML BC03+E20,DHTP,XÁM NHẠT ML BC03 - MAA1,19.07.06.W2,-,1Z695,,,-,-
118,-,0,HAA 361-5MS 1171/043,SINGLE COP40+E20,DHSB,WHITE SW001 11-0601 TCX,20.10.04.W1,-,1Z663,,,-,-
119,-,0,HAA 361-5MS 1171/043,SINGLE COP40+E20,DHSB,BLACK 100% SK010 SO 20.10.21.D2,21.01.28.A1,-,1Z697,,,-,-
120,-,0,HAA 361-5MS 1171/043,SINGLE COP40+E20,DHSB,BLUE 060 SB060 19-4024 TCX,20.10.01.D1,-,1Z696,,,-,-
121,-,0,HAA 361-5MS 1171/043,SINGLE COP40+E20,DHTP,WHITE SW001 11-0601 TCX,20.10.04.W1,-,1Z663,,,-,-
122,-,0,HAA 361-5MS 1171/043,SINGLE COP40+E20,DHTP,BLACK 100% SK010 SO 20.10.21.D2,21.01.28.A1,-,1Z697,,,-,-
123,-,0,HAA 361-5MS 1171/043,SINGLE COP40+E20,DHTP,BLUE 060 SB060 19-4024 TCX,20.10.01.D1,-,1Z696,,,-,-
124,-,0,HAA 361-5MS 1171/043,SINGLE COP40+E20,DHSB,PINK 179 SO 20.10.04.Q1,21.01.27.E1.1,-,1Z665,,,-,-
125,-,0,HAA 361-5MS 1171/043,SINGLE COP40+E20,DHTP,PINK 179 SO 20.10.04.Q1,21.01.27.E1.1,-,1Z665,,,-,-
126,-,0,HAA 361-5MS 1171/028,SINGLE COP40+E20,DHSB,PINK 121-SM 121 SO 20.10.05.A2,21.01.27.F1.1,-,1Z606,,,-,-
127,-,0,HAA 361-5MS 1171/028,SINGLE COP40+E20,DHTP,PINK 121-SM 121 SO 20.10.05.A2,21.01.27.F1.1,-,1Z606,,,-,-
128,-,0,HAA 361-5MS 1171/028,SINGLE COP40+E20,DHSB,PINK 179 SO 20.10.04.Q1,21.01.27.E1.1,-,1Z664,,,-,-
129,-,0,HAA 361-5MS 1171/028,SINGLE COP40+E20,DHTP,PINK 179 SO 20.10.04.Q1,21.01.27.E1.1,-,1Z664,,,-,-
130,-,0,GVT 291-5MS 8868/027,SINGLE CVC40SLUB-40BS0NTX71CVC+E20,DHSB,TRẮNG SO 20.10.20.H1,21.01.18.F.FA1,-,1Z504,,,-,-
131,-,0,GVT 291-5MS 8868/027,SINGLE CVC40SLUB-40BS0NTX71CVC+E20,DHTP,TRẮNG SO 20.10.20.H1,21.01.18.F.FA1,-,1Z504,,,-,-
132,-,0,GVT 291-5MS 8868/027,SINGLE CVC40SLUB-40BS0NTX71CVC+E20,DHSB,TRẮNG SO 20.10.20.H1,21.01.18.F1.FA2,-,1Z480,,,-,-
133,-,0,GVT 291-5MS 8868/027,SINGLE CVC40SLUB-40BS0NTX71CVC+E20,DHTP,TRẮNG SO 20.10.20.H1,21.01.18.F1.FA2,-,1Z480,,,-,-
134,-,0,GVT 291-5MR 4744,RIB 1X1 CVC40SLUB-40BS0NTX71CVC+E20,DHSB,TRẮNG SO 20.10.20.H1,21.01.18.F1.FA2,-,1Z339,,,-,-
135,-,0,GVT 291-5MR 4744,RIB 1X1 CVC40SLUB-40BS0NTX71CVC+E20,DHTP,TRẮNG SO 20.10.20.H1,21.01.18.F1.FA2,-,1Z339,,,-,-
136,-,0,GVT 291-5MR 4744,RIB 1X1 CVC40SLUB-40BS0NTX71CVC+E20,DHSB,TRẮNG SO 20.10.20.H1,21.01.18.F.FA1,-,1Z340,,,-,-
137,-,0,GVT 291-5MR 4744,RIB 1X1 CVC40SLUB-40BS0NTX71CVC+E20,DHTP,TRẮNG SO 20.10.20.H1,21.01.18.F.FA1,-,1Z340,,,-,-
138,-,0,GVT 291-5MR 4744,RIB 1X1 CVC40SLUB-40BS0NTX71CVC+E20,DHSB,XANH TÍM SO 20.10.20.G1,21.01.16.A1.FA2,-,1Z338,,,-,-
139,-,0,GVT 291-5MR 4744,RIB 1X1 CVC40SLUB-40BS0NTX71CVC+E20,DHTP,XANH TÍM SO 20.10.20.G1,21.01.16.A1.FA2,-,1Z338,,,-,-
140,-,0,GVT 291-5MR 4744,RIB 1X1 CVC40SLUB-40BS0NTX71CVC+E20,DHSB,CAM ĐẤT SO 20.10.20.K1,21.01.21.T1.FA1,-,1Z336,,,-,-
141,-,0,GVT 291-5MR 4744,RIB 1X1 CVC40SLUB-40BS0NTX71CVC+E20,DHTP,CAM ĐẤT SO 20.10.20.K1,21.01.21.T1.FA1,-,1Z336,,,-,-
142,-,0,GVT 291-5MR 4744,RIB 1X1 CVC40SLUB-40BS0NTX71CVC+E20,DHSB,CAM ĐẤT SO 20.10.20.K1,21.01.21.T5.FA1,-,1Z337,,,-,-
143,-,0,GVT 291-5MR 4744,RIB 1X1 CVC40SLUB-40BS0NTX71CVC+E20,DHTP,CAM ĐẤT SO 20.10.20.K1,21.01.21.T5.FA1,-,1Z337,,,-,-
144,-,0,GVT 291-5MP 4743,SINGLE CVC40SLUB-40BS0NTX71CVC+E20,DHSB,XANH TÍM SO 20.10.20.G1,21.01.16.A1.FA2,-,1Z411,,,-,-
145,-,0,GVT 291-5MP 4743,SINGLE CVC40SLUB-40BS0NTX71CVC+E20,DHSB,CAM ĐẤT SO 20.10.20.K1,21.01.21.T1.FA1,-,1Z477,,,-,-
146,-,0,GVT 291-5MP 4743,SINGLE CVC40SLUB-40BS0NTX71CVC+E20,DHSB,CAM ĐẤT SO 20.10.20.K1,21.01.21.T5.FA1,-,1Z442,,,-,-
147,-,0,GVT 291-5MP 4743,SINGLE CVC40SLUB-40BS0NTX71CVC+E20,DHSB,TRẮNG SO 20.10.20.H1,21.01.18.F1.FA2,-,1Z479,,,-,-
148,-,0,GVT 291-5MP 4743,SINGLE CVC40SLUB-40BS0NTX71CVC+E20,DHTP,XANH TÍM SO 20.10.20.G1,21.01.16.A1.FA2,-,1Z411,,,-,-
149,-,0,GVT 291-5MP 4743,SINGLE CVC40SLUB-40BS0NTX71CVC+E20,DHTP,CAM ĐẤT SO 20.10.20.K1,21.01.21.T1.FA1,-,1Z477,,,-,-
150,-,0,GVT 291-5MP 4743,SINGLE CVC40SLUB-40BS0NTX71CVC+E20,DHTP,CAM ĐẤT SO 20.10.20.K1,21.01.21.T5.FA1,-,1Z442,,,-,-
151,-,0,GVT 291-5MP 4743,SINGLE CVC40SLUB-40BS0NTX71CVC+E20,DHTP,TRẮNG SO 20.10.20.H1,21.01.18.F1.FA2,-,1Z479,,,-,-
152,,1000,DHY 364-5MB 1104/038,BO CỔ CO20//3+E30,DHSB,,,-,1Y068,,,-,
153,,1000,DHY 364-5MB 1104/038,BO CỔ CO20//3+E30,DHTP,,,-,1Y068,,,-,
154,DINH HINH,0,DHY 356-5MR 0661/014,RIB 1X1 COP40+E70,DHTP,BRIGHT WHITE 11-0601 TCX,20.12.05.W2,-,1Z362,,,-,1Z811
155,-,0,DHY 356-5MR 0661/014,RIB 1X1 COP40+E70,DHTP,BRIGHT WHITE 11-0601 TCX,20.12.05.W2,-,1Z361,,,-,1Z688
156,-,0,DHY 356-5MI 0796/013,INTERLOCK COP40,SAY,BRIGHT WHITE 11-0601 TCX,20.12.05.W2,-,1Z688,,,-,1Z688
157,-,0,DHY 002-5MP 1005/002,PIQUE COMD40+E30,DHSB,BRIGHT WHITE 11-0601 TCX,20.12.23.W4,-,1Z356,,,-,-
158,-,0,DHY 002-5MP 1005/002,PIQUE COMD40+E30,DHSB,BLACK BEAUTY SO 20.12.23.E1,21.01.20.A1.1,-,1Z659,,,-,-
159,-,0,DHY 002-5MP 1005/002,PIQUE COMD40+E30,DHSB,CHATEAU GRAY SO 20.12.23.B2,21.01.19.K1.1,-,1Z658,,,-,-
160,-,0,DHY 002-5MP 1005/002,PIQUE COMD40+E30,DHSB,BLACK BEAUTY SO 20.12.23.E1,21.01.20.A1.1,-,1Z575,,,-,-
161,-,0,DHY 002-5MP 1005/002,PIQUE COMD40+E30,DHSB,BRIGHT WHITE 11-0601 TCX,20.12.23.W4,-,1Z482,,,-,-
162,-,0,DHY 002-5MP 1005/002,PIQUE COMD40+E30,DHSB,DARK SAPHIRE SO 20.12.23.D2,21.01.19.H1.1,-,1Z700,,,-,-
163,-,0,DHY 002-5MP 1005/002,PIQUE COMD40+E30,DHSB,DARK SAPHIRE SO 20.12.23.D2,21.01.19.H1.1,-,1Z698,,,-,-
164,-,0,DHY 002-5MP 1005/002,PIQUE COMD40+E30,DHSB,CHATEAU GRAY SO 20.12.23.B2,21.01.19.K1.1,-,1Z607,,,-,-
165,-,0,DHY 002-5MP 1005/002,PIQUE COMD40+E30,DHSB,BLACK BEAUTY SO 20.12.23.E1,21.01.20.A1.1,-,1Z742,,,-,-
166,-,0,DHY 002-5MP 1005/002,PIQUE COMD40+E30,DHSB,BRIGHT WHITE 11-0601 TCX,20.12.23.W4,-,1Z441,,,-,-
167,-,0,DHY 002-5MP 1005/002,PIQUE COMD40+E30,DHSB,IVY GREEN SO 20.12.23.F2,21.01.20.B1.1,-,1Z410,,,-,1Z410
168,-,0,DHY 002-5MP 1005/002,PIQUE COMD40+E30,DHSB,IVY GREEN SO 20.12.23.F2,21.01.20.B1.1,-,1Z517,,,-,1Z517
169,-,0,DHY 002-5MP 1005/002,PIQUE COMD40+E30,DHTP,BRIGHT WHITE 11-0601 TCX,20.12.23.W4,-,1Z356,,,-,-
170,-,0,DHY 002-5MP 1005/002,PIQUE COMD40+E30,DHTP,BRIGHT WHITE 11-0601 TCX,20.12.23.W4,-,1Z482,,,-,-
171,-,0,DHY 002-5MP 1005/002,PIQUE COMD40+E30,DHTP,BRIGHT WHITE 11-0601 TCX,20.12.23.W4,-,1Z441,,,-,-
172,-,0,DHY 002-5MP 1005/002,PIQUE COMD40+E30,DHTP,CHATEAU GRAY SO 20.12.23.B2,21.01.19.K1.1,-,1Z607,,,-,-
173,-,0,DHY 002-5MP 1005/002,PIQUE COMD40+E30,DHSB,IVY GREEN SO 20.12.23.F2,21.01.20.B1.1,-,1Z516,,,-,-
174,-,0,DHY 002-5MP 1005/002,PIQUE COMD40+E30,DHSB,CHATEAU GRAY SO 20.12.23.B2,21.01.19.K1.1,-,1Z541,,,-,-
175,-,0,DHY 002-5MP 1005/002,PIQUE COMD40+E30,DHTP,CHATEAU GRAY SO 20.12.23.B2,21.01.19.K1.1,-,1Z541,,,-,-
176,-,0,DHY 002-5MP 1005/002,PIQUE COMD40+E30,DHSB,DARK SAPHIRE SO 20.12.23.D2,21.01.19.H1.1,-,1Z515,,,-,-
177,-,0,CAH 020,INTERLOCK POLY 100/36,DHTP,IVORY SWT-135197,19.12.14.A1,-,1Z531,,,-,-
178,-,0,CAH 020,INTERLOCK POLY 100/36,DHTP,IVORY SWT-135197,19.12.14.A1,-,1Z529,,,-,-
179,-,0,CAH 020,INTERLOCK POLY 100/36,DHTP,IVORY SWT-135197,19.12.14.A1,-,1Z528,,,-,-
180,-,0,BOO 347-5MT 4847,SINGLE COP20 ECO,SAY,TRẮNG SO 20.06.05.W1,20.06.17.W2,-,1Z744,,,-,-
181,-,0,BOO 347-5MT 4847,SINGLE COP20 ECO,SAY,TRẮNG SO 20.06.05.W1,20.06.17.W2,-,1Z537,,,-,-
182,-,0,BOO 347-5MT 4847,SINGLE COP20 ECO,SAY,TRẮNG SO 20.06.05.W1,20.06.17.W2,-,1Z481,,,-,-
183,-,0,BOO 347-5MT 4847,SINGLE COP20 ECO,SAY,TRẮNG SO 20.06.05.W1,20.06.17.W2,-,1Z447,,,-,-
184,-,0,BOO 347-5MT 4847,SINGLE COP20 ECO,SAY,ĐEN SO 19.04.25.F1,20.11.14.A1,-,1Z573,,,-,-
185,-,0,BOO 347-5MT 4847,SINGLE COP20 ECO,SAY,ĐEN SO 19.04.25.F1,20.11.14.A1,-,1Z514,,,-,-
186,-,0,BOO 347-5MT 4847,SINGLE COP20 ECO,SAY,TRẮNG SO 20.06.05.W1,20.06.17.W2,-,1Z513,,,-,-
187,-,0,BOO 347-5MT 4847,SINGLE COP20 ECO,SAY,TRẮNG SO 20.06.05.W1,20.06.17.W2,-,1Z536,,,-,-
188,-,0,BOO 347-5MT 4847,SINGLE COP20 ECO,SAY,ĐEN SO 19.04.25.F1,20.11.14.A1,-,1Z574,,,-,-
189,-,0,BOO 347-5MR 4848,RIB 1X1 COP26 + E20,DHTP,TRẮNG SO 20.06.05.W1,20.06.17.W2,-,1Z743,,,-,-
190,-,0,BOO 338-5MT 4780,SINGLE COP20 ECO,SAY,XÁM SO 21.01.08.A1,21.01.23.A1.1,-,1Z577,,,-,-
191,-,0,BOO 338-5MT 4780,SINGLE COP20 ECO,SAY,XÁM SO 21.01.08.A1,21.01.23.A1.1,-,1Z578,,,-,-
192,-,0,BOO 338-5MT 4780,SINGLE COP20 ECO,SAY,XÁM SO 21.01.08.A1,21.01.23.A1.1,-,1Z579,,,-,-
193,-,0,BOO 338-5MR 1172/044,RIB 1X1 COP26+E20,DHSB,XÁM SO 21.01.08.A1,21.01.23.A1.1,-,1Z568,,,-,-
194,-,0,BOO 338-5MR 1172/044,RIB 1X1 COP26+E20,DHTP,XÁM SO 21.01.08.A1,21.01.23.A1.1,-,1Z568,,,-,-
195,-,0,BOO 338-5MR 1172/044,RIB 1X1 COP26+E20,DHSB,XÁM SO 21.01.08.A1,21.01.23.A1.1,-,1Z569,,,-,-
196,-,0,BOO 338-5MR 1172/044,RIB 1X1 COP26+E20,DHTP,XÁM SO 21.01.08.A1,21.01.23.A1.1,-,1Z569,,,-,-
197,-,0,BOO 338-5MR 1172/044,RIB 1X1 COP26+E20,DHSB,XÁM SO 21.01.08.A1,21.01.23.A1.1,-,1Z570,,,-,-
198,-,0,BOO 338-5MR 1172/044,RIB 1X1 COP26+E20,DHTP,XÁM SO 21.01.08.A1,21.01.23.A1.1,-,1Z570,,,-,-
199,-,0,BOO 309-5MT 4782,SINGLE CO32//2,SAY,TRẮNG SO 19.04.23.W1,20.09.18.W1,-,1Z407,,,-,-
200,-,0,BOO 309-5MT 4782,SINGLE CO32//2,SAY,TRẮNG SO 19.04.23.W1,20.09.18.W1,-,1Z358,,,-,-
201,-,0,BOO 309-5MT 4782,SINGLE CO32//2,SAY,ĐEN SO 19.04.25.F1,20.09.23.C1.1,-,1Z438,,,-,-
202,-,0,BOO 309-5MT 4782,SINGLE CO32//2,SAY,TRẮNG SO 19.04.23.W1,20.09.18.W1,-,1Z408,,,-,-
203,-,0,BOO 309-5MT 4782,SINGLE CO32//2,SAY,TRẮNG SO 19.04.23.W1,20.09.18.W1,-,1Z357,,,-,-
204,-,0,BOO 309-5MS 1186/023,SINGLE CO32//2,SAY,TRẮNG SO 19.04.23.W1,20.09.18.W1,-,1Z474,,,-,-
205,-,0,BOO 309-5MS 1186/023,SINGLE CO32//2,SAY,ĐEN SO 19.04.25.F1,20.09.23.C1.1,-,1Z475,,,-,-
206,-,0,BOO 309-5MS 1186/023,SINGLE CO32//2,SAY,ĐEN SO 19.04.25.F1,20.09.23.C1.1,-,1Z439,,,-,-
207,-,0,BOO 309-5MS 1186/023,SINGLE CO32//2,SAY,ĐEN SO 19.04.25.F1,20.09.23.C1.1,-,1Z476,,,-,-
208,-,0,BOO 309-5MS 1186/023,SINGLE CO32//2,SAY,ĐEN SO 19.04.25.F1,20.09.23.C1.1,-,1Z440,,,-,-
209,-,0,BOO 309-5MR 4783,RIB 2X2 COP20 ECO+E70,DHTP,TRẮNG SO 19.04.23.W1,20.09.18.W1,-,1Z220,,,-,-
210,-,0,BOO 309-5MR 4783,RIB 2X2 COP20 ECO+E70,DHTP,ĐEN SO 19.04.25.F1,20.09.23.C1.1,-,1Z222,,,-,-
211,-,0,BOO 309-5MR 4783,RIB 2X2 COP20 ECO+E70,DHTP,TRẮNG SO 19.04.23.W1,20.09.18.W1,-,1Z137,,,-,-
212,-,0,BOO 309-5MR 4783,RIB 2X2 COP20 ECO+E70,DHTP,ĐEN SO 19.04.25.F1,20.09.23.C1.1,-,1Z221,,,-,-
213,-,0,BOO 309-5MR 4783,RIB 2X2 COP20 ECO+E70,DHTP,TRẮNG SO 19.04.23.W1,20.09.18.W1,-,1Z136,,,-,-
214,-,0,BOO 309-5MR 4783,RIB 2X2 COP20 ECO+E70,DHTP,ĐEN SO 19.04.25.F1,20.09.23.C1.1,-,1Z224,,,-,-
215,-,0,BOO 309-5MR 4783,RIB 2X2 COP20 ECO+E70,DHTP,TRẮNG SO 19.04.23.W1,20.09.18.W1,-,1Z139,,,-,-
216,-,0,BOO 309-5MR 4783,RIB 2X2 COP20 ECO+E70,DHTP,TRẮNG SO 19.04.23.W1,20.09.18.W1,-,1Z138,,,-,-
217,-,0,BOO 309-5MR 4783,RIB 2X2 COP20 ECO+E70,DHTP,ĐEN SO 19.04.25.F1,20.09.23.C1.1,-,1Z223,,,-,-
218,-,0,BOO 308-5MT 4780,SINGLE COP20 ECO,SAY,TRẮNG SO 20.06.05.W1,20.06.17.W2,-,1Z610,,,-,-
219,-,0,BOO 308-5MT 4780,SINGLE COP20 ECO,SAY,TRẮNG SO 20.06.05.W1,20.06.17.W2,-,1Z657,,,-,-
220,-,0,BOO 308-5MT 4780,SINGLE COP20 ECO,SAY,ĐEN SO 19.04.25.F1,20.11.14.A1,-,1Z534,,,-,-
221,-,0,BOO 308-5MT 4780,SINGLE COP20 ECO,SAY,BALLAD BLUE 13-4304 TPG SO 20.11.13.B1,20.11.13.B1.1,-,1Z611,,,-,-
222,-,0,BOO 308-5MT 4780,SINGLE COP20 ECO,SAY,ĐEN SO 19.04.25.F1,20.11.14.A1,-,1Z518,,,-,-
223,-,0,BOO 308-5MT 4780,SINGLE COP20 ECO,SAY,TRẮNG SO 20.06.05.W1,20.06.17.W2,-,1Z609,,,-,-
224,-,0,BOO 308-5MT 4780,SINGLE COP20 ECO,SAY,ĐEN SO 19.04.25.F1,20.11.14.A1,-,1Z535,,,-,-
225,-,0,BOO 308-5MT 4780,SINGLE COP20 ECO,SAY,EVENING SAND SO 20.12.15.E2,21.01.11.F1.1,-,1Z612,,,-,-
226,-,0,BOO 308-5MT 4763,SINGLE COP20 ECO,SAY,ĐEN SO 19.04.25.F1,21.01.22.T1,-,1Z560,,,-,-
227,-,0,BOO 308-5MT 4763,SINGLE COP20 ECO,SAY,ĐEN SO 19.04.25.F1,21.01.22.T1,-,1Z543,,,-,-
228,-,0,BOO 308-5MT 4763,SINGLE COP20 ECO,SAY,ĐEN SO 19.04.25.F1,21.01.22.T1,-,1Z561,,,-,-
229,-,0,BOO 308-5MS 0582/030,SINGLE COP20 ECO,SAY,TRẮNG SO 20.06.05.W1,20.06.17.W2,-,1Z690,,,-,-
230,-,0,BOO 308-5MS 0582/030,SINGLE COP20 ECO,SAY,TRẮNG SO 20.06.05.W1,20.06.17.W2,-,1Z656,,,-,-
231,-,0,BOO 308-5MS 0582/030,SINGLE COP20 ECO,SAY,TRẮNG SO 20.06.05.W1,20.06.17.W2,-,1Z691,,,-,-
232,-,0,BOO 308-5MS 0582/030,SINGLE COP20 ECO,SAY,TRẮNG SO 20.06.05.W1,20.06.17.W2,-,1Z662,,,-,-
233,-,0,BOO 308-5MS 0582/030,SINGLE COP20 ECO,SAY,TRẮNG SO 20.06.05.W1,20.06.17.W2,-,1Z660,,,-,-
234,-,0,BOO 308-5MS 0582/030,SINGLE COP20 ECO,SAY,TRẮNG SO 20.06.05.W1,20.06.17.W2,-,1Z692,,,-,-
235,-,0,BOO 308-5MS 0582/030,SINGLE COP20 ECO,SAY,TRẮNG SO 20.06.05.W1,20.06.17.W2,-,1Z693,,,-,-
236,-,0,BOO 308-5MR 4781,RIB 1X1 COP26 ECO+E20,DHSB,ĐEN SO 19.04.25.F1,20.11.14.A1,-,1Z616,,,-,-
237,-,0,BOO 308-5MR 4781,RIB 1X1 COP26 ECO+E20,DHSB,TRẮNG SO 20.06.05.W1,20.06.17.W2,-,1Z651,,,-,-
238,-,0,BOO 308-5MR 4781,RIB 1X1 COP26 ECO+E20,DHSB,BALLAD BLUE 13-4304 TPG SO 20.11.13.B1,20.11.13.B1.1,-,1Z508,,,-,-
239,-,0,BOO 308-5MR 4781,RIB 1X1 COP26 ECO+E20,DHSB,TRẮNG SO 20.06.05.W1,20.06.17.W2,-,1Z505,,,-,-
240,-,0,BOO 308-5MR 4781,RIB 1X1 COP26 ECO+E20,DHSB,ĐEN SO 19.04.25.F1,20.11.14.A1,-,1Z653,,,-,-
241,-,0,BOO 308-5MR 4781,RIB 1X1 COP26 ECO+E20,DHSB,ĐEN SO 19.04.25.F1,20.11.14.A1,-,1Z510,,,-,-
242,-,0,BOO 308-5MR 4781,RIB 1X1 COP26 ECO+E20,DHSB,TRẮNG SO 20.06.05.W1,20.06.17.W2,-,1Z618,,,-,1Z703
243,-,0,BOO 308-5MR 4781,RIB 1X1 COP26 ECO+E20,DHTP,TRẮNG SO 20.06.05.W1,20.06.17.W2,-,1Z651,,,-,-
244,-,0,BOO 308-5MR 4781,RIB 1X1 COP26 ECO+E20,DHTP,TRẮNG SO 20.06.05.W1,20.06.17.W2,-,1Z505,,,-,-
245,-,0,BOO 308-5MR 4781,RIB 1X1 COP26 ECO+E20,DHTP,BALLAD BLUE 13-4304 TPG SO 20.11.13.B1,20.11.13.B1.1,-,1Z508,,,-,-
246,-,0,BOO 308-5MR 4781,RIB 1X1 COP26 ECO+E20,DHTP,ĐEN SO 19.04.25.F1,20.11.14.A1,-,1Z510,,,-,-
247,-,0,BOO 308-5MR 4781,RIB 1X1 COP26 ECO+E20,DHSB,TRẮNG SO 20.06.05.W1,20.06.17.W2,-,1Z506,,,-,-
248,-,0,BOO 308-5MR 4781,RIB 1X1 COP26 ECO+E20,DHSB,TRẮNG SO 20.06.05.W1,20.06.17.W2,-,1Z563,,,-,-
249,-,0,BOO 308-5MR 4781,RIB 1X1 COP26 ECO+E20,DHSB,TRẮNG SO 20.06.05.W1,20.06.17.W2,-,1Z652,,,-,-
250,-,0,BOO 308-5MR 4781,RIB 1X1 COP26 ECO+E20,DHSB,TRẮNG SO 20.06.05.W1,20.06.17.W2,-,1Z617,,,-,1Z701
251,-,0,BOO 308-5MR 4781,RIB 1X1 COP26 ECO+E20,DHSB,ĐEN SO 19.04.25.F1,20.11.14.A1,-,1Z509,,,-,-
252,-,0,BOO 308-5MR 4781,RIB 1X1 COP26 ECO+E20,DHSB,ĐEN SO 19.04.25.F1,20.11.14.A1,-,1Z620,,,-,-
253,-,0,BOO 308-5MR 4781,RIB 1X1 COP26 ECO+E20,DHSB,EVENING SAND SO 20.12.15.E2,21.01.11.F1.1,-,1Z562,,,-,-
254,-,0,BOO 308-5MR 4781,RIB 1X1 COP26 ECO+E20,DHSB,ĐEN SO 19.04.25.F1,20.11.14.A1,-,1Z654,,,-,-
255,-,0,BOO 308-5MR 4781,RIB 1X1 COP26 ECO+E20,DHTP,TRẮNG SO 20.06.05.W1,20.06.17.W2,-,1Z652,,,-,-
256,-,0,BOO 308-5MR 4781,RIB 1X1 COP26 ECO+E20,DHTP,TRẮNG SO 20.06.05.W1,20.06.17.W2,-,1Z563,,,-,-
257,-,0,BOO 308-5MR 4781,RIB 1X1 COP26 ECO+E20,DHTP,TRẮNG SO 20.06.05.W1,20.06.17.W2,-,1Z506,,,-,-
258,-,0,BOO 308-5MR 4781,RIB 1X1 COP26 ECO+E20,DHTP,ĐEN SO 19.04.25.F1,20.11.14.A1,-,1Z509,,,-,-
259,-,0,BOO 308-5MR 4781,RIB 1X1 COP26 ECO+E20,DHTP,EVENING SAND SO 20.12.15.E2,21.01.11.F1.1,-,1Z562,,,-,-
260,-,0,BOO 308-5MR 4781,RIB 1X1 COP26 ECO+E20,DHTP,ĐEN SO 19.04.25.F1,20.11.14.A1,-,1Z620,,,-,-
261,-,0,BOO 308-5MR 4781,RIB 1X1 COP26 ECO+E20,DHSB,TRẮNG SO 20.06.05.W1,20.06.17.W2,-,1Z564,,,-,-
262,-,0,BOO 308-5MR 4781,RIB 1X1 COP26 ECO+E20,DHSB,TRẮNG SO 20.06.05.W1,20.06.17.W2,-,1Z507,,,-,-
263,-,0,BOO 308-5MR 4781,RIB 1X1 COP26 ECO+E20,DHSB,TRẮNG SO 20.06.05.W1,20.06.17.W2,-,1Z613,,,-,1Z694
264,-,0,BOO 308-5MR 4781,RIB 1X1 COP26 ECO+E20,DHTP,TRẮNG SO 20.06.05.W1,20.06.17.W2,-,1Z564,,,-,-
265,-,0,BOO 308-5MR 4781,RIB 1X1 COP26 ECO+E20,DHSB,ĐEN SO 19.04.25.F1,20.11.14.A1,-,1Z615,,,-,-
266,-,0,BOO 308-5MR 4781,RIB 1X1 COP26 ECO+E20,DHTP,TRẮNG SO 20.06.05.W1,20.06.17.W2,-,1Z507,,,-,-
267,-,0,BOO 308-5MR 4781,RIB 1X1 COP26 ECO+E20,DHSB,TRẮNG SO 20.06.05.W1,20.06.17.W2,-,1Z565,,,-,-
268,-,0,BOO 308-5MR 4781,RIB 1X1 COP26 ECO+E20,DHTP,TRẮNG SO 20.06.05.W1,20.06.17.W2,-,1Z565,,,-,-
269,-,0,BOO 308-5MR 4781,RIB 1X1 COP26 ECO+E20,DHSB,ĐEN SO 19.04.25.F1,20.11.14.A1,-,1Z619,,,-,-
270,-,0,BOO 308-5MR 4781,RIB 1X1 COP26 ECO+E20,DHSB,TRẮNG SO 20.06.05.W1,20.06.17.W2,-,1Z566,,,-,-
271,-,0,BOO 308-5MR 4781,RIB 1X1 COP26 ECO+E20,DHTP,TRẮNG SO 20.06.05.W1,20.06.17.W2,-,1Z566,,,-,-
272,-,0,BOO 308-5MR 4781,RIB 1X1 COP26 ECO+E20,DHSB,ĐEN SO 19.04.25.F1,20.11.14.A1,-,1Z614,,,-,-
273,-,0,BOO 308-5MR 4781,RIB 1X1 COP26 ECO+E20,DHSB,TRẮNG SO 20.06.05.W1,20.06.17.W2,-,1Z567,,,-,-
274,-,0,BOO 308-5MR 4781,RIB 1X1 COP26 ECO+E20,DHTP,TRẮNG SO 20.06.05.W1,20.06.17.W2,-,1Z567,,,-,-
275,-,0,BOO 308-5MR 1172/045,RIB 1X1 COP26 ECO+E20,DHTP,ĐEN SO 19.04.25.F1,21.01.22.T1,-,1Z558,,,-,-
276,-,0,BOO 308-5MR 1172/045,RIB 1X1 COP26 ECO+E20,DHTP,ĐEN SO 19.04.25.F1,21.01.22.T1,-,1Z542,,,-,-
277,-,0,BOO 308-5MR 1172/045,RIB 1X1 COP26 ECO+E20,DHTP,ĐEN SO 19.04.25.F1,21.01.22.T1,-,1Z559,,,-,-
278,-,0,BOO 307-5MT 4778,SINGLE COP20 ECO,SAY,TRẮNG SO 20.06.05.W1,20.06.17.W2,-,1Z521,,,-,-
279,-,0,BOO 307-5MT 4778,SINGLE COP20 ECO,SAY,TRẮNG SO 20.06.05.W1,20.06.17.W2,-,1Z592,,,-,-
280,-,0,BOO 307-5MT 4778,SINGLE COP20 ECO,SAY,TRẮNG SO 20.06.05.W1,20.06.17.W2,-,1Z547,,,-,-
281,-,0,BOO 307-5MT 4778,SINGLE COP20 ECO,SAY,TRẮNG SO 20.06.05.W1,20.06.17.W2,-,1Z428,,,-,-
282,-,0,BOO 307-5MT 4778,SINGLE COP20 ECO,SAY,TRẮNG SO 20.06.05.W1,20.06.17.W2,-,1Z460,,,-,-
283,-,0,BOO 307-5MT 4778,SINGLE COP20 ECO,SAY,TRẮNG SO 20.06.05.W1,20.06.17.W2,-,1Z354,,,-,-
284,-,0,BOO 307-5MT 4778,SINGLE COP20 ECO,SAY,TRẮNG SO 20.06.05.W1,20.06.17.W2,-,1Z487,,,-,-
285,-,0,BOO 307-5MT 4778,SINGLE COP20 ECO,SAY,ĐEN SO 19.04.25.F1,20.11.14.A1,-,1Z666,,,-,-
286,-,0,BOO 307-5MT 4778,SINGLE COP20 ECO,SAY,ĐEN SO 19.04.25.F1,20.11.14.A1,-,1Z462,,,-,-
287,-,0,BOO 307-5MT 4778,SINGLE COP20 ECO,SAY,ĐEN SO 19.04.25.F1,20.11.14.A1,-,1Z429,,,-,-
288,-,0,BOO 307-5MT 4778,SINGLE COP20 ECO,SAY,ĐEN SO 19.04.25.F1,20.11.14.A1,-,1Z644,,,-,-
289,-,0,BOO 307-5MT 4778,SINGLE COP20 ECO,SAY,ĐEN SO 19.04.25.F1,20.11.14.A1,-,1Z544,,,-,-
290,-,0,BOO 307-5MT 4778,SINGLE COP20 ECO,SAY,ĐEN SO 19.04.25.F1,20.11.14.A1,-,1Z523,,,-,-
291,-,0,BOO 307-5MT 4778,SINGLE COP20 ECO,SAY,ĐEN SO 19.04.25.F1,20.11.14.A1,-,1Z352,,,-,-
292,-,0,BOO 307-5MT 4778,SINGLE COP20 ECO,SAY,ĐEN SO 19.04.25.F1,20.11.14.A1,-,1Z347,,,-,-
293,-,0,BOO 307-5MT 4778,SINGLE COP20 ECO,SAY,ĐEN SO 19.04.25.F1,20.11.14.A1,-,1Z597,,,-,-
294,-,0,BOO 307-5MT 4778,SINGLE COP20 ECO,SAY,TRẮNG SO 20.06.05.W1,20.06.17.W2,-,1Z548,,,-,-
295,-,0,BOO 307-5MT 4778,SINGLE COP20 ECO,SAY,TRẮNG SO 20.06.05.W1,20.06.17.W2,-,1Z522,,,-,-
296,-,0,BOO 307-5MT 4778,SINGLE COP20 ECO,SAY,TRẮNG SO 20.06.05.W1,20.06.17.W2,-,1Z353,,,-,-
297,-,0,BOO 307-5MT 4778,SINGLE COP20 ECO,SAY,TRẮNG SO 20.06.05.W1,20.06.17.W2,-,1Z461,,,-,-
298,-,0,BOO 307-5MT 4778,SINGLE COP20 ECO,SAY,TRẮNG SO 20.06.05.W1,20.06.17.W2,-,1Z488,,,-,-
299,-,0,BOO 307-5MT 4778,SINGLE COP20 ECO,SAY,TRẮNG SO 20.06.05.W1,20.06.17.W2,-,1Z593,,,-,-
300,-,0,BOO 307-5MT 4778,SINGLE COP20 ECO,SAY,ĐEN SO 19.04.25.F1,20.11.14.A1,-,1Z345,,,-,-
301,-,0,BOO 307-5MT 4778,SINGLE COP20 ECO,SAY,ĐEN SO 19.04.25.F1,20.11.14.A1,-,1Z643,,,-,-
302,-,0,BOO 307-5MT 4778,SINGLE COP20 ECO,SAY,ĐEN SO 19.04.25.F1,20.11.14.A1,-,1Z463,,,-,-
303,-,0,BOO 307-5MT 4778,SINGLE COP20 ECO,SAY,ĐEN SO 19.04.25.F1,20.11.14.A1,-,1Z667,,,-,-
304,-,0,BOO 307-5MT 4778,SINGLE COP20 ECO,SAY,ĐEN SO 19.04.25.F1,20.11.14.A1,-,1Z545,,,-,-
305,-,0,BOO 307-5MT 4778,SINGLE COP20 ECO,SAY,ĐEN SO 19.04.25.F1,20.11.14.A1,-,1Z596,,,-,-
306,-,0,BOO 307-5MT 4778,SINGLE COP20 ECO,SAY,ĐEN SO 19.04.25.F1,20.11.14.A1,-,1Z430,,,-,-
307,-,0,BOO 307-5MT 4778,SINGLE COP20 ECO,SAY,ĐEN SO 19.04.25.F1,20.11.14.A1,-,1Z642,,,-,-
308,-,0,BOO 307-5MT 4778,SINGLE COP20 ECO,SAY,ĐEN SO 19.04.25.F1,20.11.14.A1,-,1Z346,,,-,-
309,-,0,BOO 307-5MT 4778,SINGLE COP20 ECO,SAY,ĐEN SO 19.04.25.F1,20.11.14.A1,-,1Z595,,,-,-
310,-,0,BOO 307-5MT 4778,SINGLE COP20 ECO,SAY,ĐEN SO 19.04.25.F1,20.11.14.A1,-,1Z668,,,-,-
311,-,0,BOO 307-5MT 4778,SINGLE COP20 ECO,SAY,ĐEN SO 19.04.25.F1,20.11.14.A1,-,1Z546,,,-,-
312,-,0,BOO 307-5MT 4778,SINGLE COP20 ECO,SAY,ĐEN SO 19.04.25.F1,20.11.14.A1,-,1Z594,,,-,-
313,-,0,BOO 307-5MT 4778,SINGLE COP20 ECO,SAY,ĐEN SO 19.04.25.F1,20.11.14.A1,-,1Z669,,,-,-
314,-,0,BOO 307-5MR 4779,RIB 1X1 COP26 ECO+E20,DHSB,ĐEN SO 19.04.25.F1,20.11.14.A1,-,1Z373,,,-,-
315,-,0,BOO 307-5MR 4779,RIB 1X1 COP26 ECO+E20,DHSB,TRẮNG SO 20.06.05.W1,20.06.17.W2,-,1Z413,,,-,-
316,-,0,BOO 307-5MR 4779,RIB 1X1 COP26 ECO+E20,DHSB,TRẮNG SO 20.06.05.W1,20.06.17.W2,-,1Z370,,,-,-
317,-,0,BOO 307-5MR 4779,RIB 1X1 COP26 ECO+E20,DHSB,ĐEN SO 19.04.25.F1,20.11.14.A1,-,1Z419,,,-,-
318,-,0,BOO 307-5MR 4779,RIB 1X1 COP26 ECO+E20,DHSB,ĐEN SO 19.04.25.F1,20.11.14.A1,-,1Z448,,,-,-
319,-,0,BOO 307-5MR 4779,RIB 1X1 COP26 ECO+E20,DHTP,TRẮNG SO 20.06.05.W1,20.06.17.W2,-,1Z370,,,-,-
320,-,0,BOO 307-5MR 4779,RIB 1X1 COP26 ECO+E20,DHTP,TRẮNG SO 20.06.05.W1,20.06.17.W2,-,1Z413,,,-,-
321,-,0,BOO 307-5MR 4779,RIB 1X1 COP26 ECO+E20,DHTP,ĐEN SO 19.04.25.F1,20.11.14.A1,-,1Z448,,,-,-
322,-,0,BOO 307-5MR 4779,RIB 1X1 COP26 ECO+E20,DHTP,ĐEN SO 19.04.25.F1,20.11.14.A1,-,1Z419,,,-,-
323,-,0,BOO 307-5MR 4779,RIB 1X1 COP26 ECO+E20,DHTP,ĐEN SO 19.04.25.F1,20.11.14.A1,-,1Z373,,,-,-
324,-,0,BOO 307-5MR 4779,RIB 1X1 COP26 ECO+E20,DHSB,TRẮNG SO 20.06.05.W1,20.06.17.W2,-,1Z418,,,-,-
325,-,0,BOO 307-5MR 4779,RIB 1X1 COP26 ECO+E20,DHSB,TRẮNG SO 20.06.05.W1,20.06.17.W2,-,1Z371,,,-,-
326,-,0,BOO 307-5MR 4779,RIB 1X1 COP26 ECO+E20,DHSB,ĐEN SO 19.04.25.F1,20.11.14.A1,-,1Z449,,,-,-
327,-,0,BOO 307-5MR 4779,RIB 1X1 COP26 ECO+E20,DHSB,ĐEN SO 19.04.25.F1,20.11.14.A1,-,1Z374,,,-,-
328,-,0,BOO 307-5MR 4779,RIB 1X1 COP26 ECO+E20,DHSB,ĐEN SO 19.04.25.F1,20.11.14.A1,-,1Z412,,,-,-
329,-,0,BOO 307-5MR 4779,RIB 1X1 COP26 ECO+E20,DHTP,TRẮNG SO 20.06.05.W1,20.06.17.W2,-,1Z371,,,-,-
330,-,0,BOO 307-5MR 4779,RIB 1X1 COP26 ECO+E20,DHTP,TRẮNG SO 20.06.05.W1,20.06.17.W2,-,1Z418,,,-,-
331,-,0,BOO 307-5MR 4779,RIB 1X1 COP26 ECO+E20,DHTP,ĐEN SO 19.04.25.F1,20.11.14.A1,-,1Z412,,,-,-
332,-,0,BOO 307-5MR 4779,RIB 1X1 COP26 ECO+E20,DHTP,ĐEN SO 19.04.25.F1,20.11.14.A1,-,1Z374,,,-,-
333,-,0,BOO 307-5MR 4779,RIB 1X1 COP26 ECO+E20,DHTP,ĐEN SO 19.04.25.F1,20.11.14.A1,-,1Z449,,,-,-
334,-,0,BOO 307-5MR 4779,RIB 1X1 COP26 ECO+E20,DHSB,TRẮNG SO 20.06.05.W1,20.06.17.W2,-,1Z417,,,-,-
335,-,0,BOO 307-5MR 4779,RIB 1X1 COP26 ECO+E20,DHSB,TRẮNG SO 20.06.05.W1,20.06.17.W2,-,1Z372,,,-,-
336,-,0,BOO 307-5MR 4779,RIB 1X1 COP26 ECO+E20,DHSB,ĐEN SO 19.04.25.F1,20.11.14.A1,-,1Z375,,,-,-
337,-,0,BOO 307-5MR 4779,RIB 1X1 COP26 ECO+E20,DHTP,TRẮNG SO 20.06.05.W1,20.06.17.W2,-,1Z417,,,-,-
338,-,0,BOO 307-5MR 4779,RIB 1X1 COP26 ECO+E20,DHTP,TRẮNG SO 20.06.05.W1,20.06.17.W2,-,1Z372,,,-,-
339,-,0,BOO 307-5MR 4779,RIB 1X1 COP26 ECO+E20,DHSB,ĐEN SO 19.04.25.F1,20.11.14.A1,-,1Z450,,,-,-
340,-,0,BOO 307-5MR 4779,RIB 1X1 COP26 ECO+E20,DHSB,ĐEN SO 19.04.25.F1,20.11.14.A1,-,1Z421,,,-,-
341,-,0,BOO 307-5MR 4779,RIB 1X1 COP26 ECO+E20,DHTP,ĐEN SO 19.04.25.F1,20.11.14.A1,-,1Z450,,,-,-
342,-,0,BOO 307-5MR 4779,RIB 1X1 COP26 ECO+E20,DHTP,ĐEN SO 19.04.25.F1,20.11.14.A1,-,1Z375,,,-,-
343,-,0,BOO 307-5MR 4779,RIB 1X1 COP26 ECO+E20,DHSB,TRẮNG SO 20.06.05.W1,20.06.17.W2,-,1Z420,,,-,-
344,-,0,BOO 307-5MR 4779,RIB 1X1 COP26 ECO+E20,DHTP,ĐEN SO 19.04.25.F1,20.11.14.A1,-,1Z421,,,-,-
345,-,0,BOO 307-5MR 4779,RIB 1X1 COP26 ECO+E20,DHTP,TRẮNG SO 20.06.05.W1,20.06.17.W2,-,1Z420,,,-,-
346,-,0,BOO 307-5MR 4779,RIB 1X1 COP26 ECO+E20,DHSB,ĐEN SO 19.04.25.F1,20.11.14.A1,-,1Z451,,,-,-
347,-,0,BOO 307-5MR 4779,RIB 1X1 COP26 ECO+E20,DHSB,ĐEN SO 19.04.25.F1,20.11.14.A1,-,1Z376,,,-,-
348,-,0,BOO 307-5MR 4779,RIB 1X1 COP26 ECO+E20,DHSB,ĐEN SO 19.04.25.F1,20.11.14.A1,-,1Z416,,,-,-
349,-,0,BOO 307-5MR 4779,RIB 1X1 COP26 ECO+E20,DHSB,TRẮNG SO 20.06.05.W1,20.06.17.W2,-,1Z415,,,-,-
350,-,0,BOO 307-5MR 4779,RIB 1X1 COP26 ECO+E20,DHTP,ĐEN SO 19.04.25.F1,20.11.14.A1,-,1Z416,,,-,-
351,-,0,BOO 307-5MR 4779,RIB 1X1 COP26 ECO+E20,DHTP,ĐEN SO 19.04.25.F1,20.11.14.A1,-,1Z451,,,-,-
352,-,0,BOO 307-5MR 4779,RIB 1X1 COP26 ECO+E20,DHTP,ĐEN SO 19.04.25.F1,20.11.14.A1,-,1Z376,,,-,-
353,-,0,BOO 307-5MR 4779,RIB 1X1 COP26 ECO+E20,DHTP,TRẮNG SO 20.06.05.W1,20.06.17.W2,-,1Z415,,,-,-
354,-,0,BOO 307-5MR 4779,RIB 1X1 COP26 ECO+E20,DHSB,ĐEN SO 19.04.25.F1,20.11.14.A1,-,1Z424,,,-,-
355,-,0,BOO 307-5MR 4779,RIB 1X1 COP26 ECO+E20,DHSB,ĐEN SO 19.04.25.F1,20.11.14.A1,-,1Z452,,,-,-
356,-,0,BOO 307-5MR 4779,RIB 1X1 COP26 ECO+E20,DHSB,TRẮNG SO 20.06.05.W1,20.06.17.W2,-,1Z414,,,-,-
357,-,0,BOO 307-5MR 4779,RIB 1X1 COP26 ECO+E20,DHTP,TRẮNG SO 20.06.05.W1,20.06.17.W2,-,1Z414,,,-,-
358,-,0,BOO 307-5MR 4779,RIB 1X1 COP26 ECO+E20,DHTP,ĐEN SO 19.04.25.F1,20.11.14.A1,-,1Z452,,,-,-
359,-,0,BOO 307-5MR 4779,RIB 1X1 COP26 ECO+E20,DHTP,ĐEN SO 19.04.25.F1,20.11.14.A1,-,1Z424,,,-,-
360,-,0,BOO 307-5MR 4779,RIB 1X1 COP26 ECO+E20,DHSB,TRẮNG SO 20.06.05.W1,20.06.17.W2,-,1Z422,,,-,-
361,-,0,BOO 307-5MR 4779,RIB 1X1 COP26 ECO+E20,DHSB,ĐEN SO 19.04.25.F1,20.11.14.A1,-,1Z453,,,-,-
362,-,0,BOO 307-5MR 4779,RIB 1X1 COP26 ECO+E20,DHSB,ĐEN SO 19.04.25.F1,20.11.14.A1,-,1Z427,,,-,-
363,-,0,BOO 307-5MR 4779,RIB 1X1 COP26 ECO+E20,DHTP,TRẮNG SO 20.06.05.W1,20.06.17.W2,-,1Z422,,,-,-
364,-,0,BOO 307-5MR 4779,RIB 1X1 COP26 ECO+E20,DHTP,ĐEN SO 19.04.25.F1,20.11.14.A1,-,1Z427,,,-,-
365,-,0,BOO 307-5MR 4779,RIB 1X1 COP26 ECO+E20,DHSB,ĐEN SO 19.04.25.F1,20.11.14.A1,-,1Z423,,,-,-
366,-,0,BOO 307-5MR 4779,RIB 1X1 COP26 ECO+E20,DHTP,ĐEN SO 19.04.25.F1,20.11.14.A1,-,1Z423,,,-,-
367,-,0,BOO 307-5MR 4779,RIB 1X1 COP26 ECO+E20,DHSB,ĐEN SO 19.04.25.F1,20.11.14.A1,-,1Z425,,,-,-
368,-,0,BOO 307-5MR 4779,RIB 1X1 COP26 ECO+E20,DHTP,ĐEN SO 19.04.25.F1,20.11.14.A1,-,1Z425,,,-,-
369,-,0,BOO 307-5MR 4779,RIB 1X1 COP26 ECO+E20,DHSB,ĐEN SO 19.04.25.F1,20.11.14.A1,-,1Z426,,,-,-
370,-,0,BOO 307-5MR 4779,RIB 1X1 COP26 ECO+E20,DHTP,ĐEN SO 19.04.25.F1,20.11.14.A1,-,1Z426,,,-,-
371,-,0,BOO 306-5MT 4776,SINGLE COP26 ECO,SAY,TRẮNG SO 20.06.05.W1,20.06.17.W2,-,1Z641,,,-,-
372,-,0,BOO 306-5MT 4776,SINGLE COP26 ECO,SAY,TRẮNG SO 20.06.05.W1,20.06.17.W2,-,1Z355,,,-,-
373,-,0,BOO 306-5MT 4776,SINGLE COP26 ECO,SAY,TRẮNG SO 20.06.05.W1,20.06.17.W2,-,1Z431,,,-,-
374,-,0,BOO 306-5MT 4776,SINGLE COP26 ECO,SAY,TRẮNG SO 20.06.05.W1,20.06.17.W2,-,1Z524,,,-,-
375,-,0,BOO 306-5MT 4776,SINGLE COP26 ECO,SAY,TRẮNG SO 20.06.05.W1,20.06.17.W2,-,1Z550,,,-,-
376,-,0,BOO 306-5MT 4776,SINGLE COP26 ECO,SAY,TRẮNG SO 20.06.05.W1,20.06.17.W2,-,1Z485,,,-,-
377,-,0,BOO 306-5MT 4776,SINGLE COP26 ECO,SAY,TRẮNG SO 20.06.05.W1,20.06.17.W2,-,1Z350,,,-,-
378,-,0,BOO 306-5MT 4776,SINGLE COP26 ECO,SAY,TRẮNG SO 20.06.05.W1,20.06.17.W2,-,1Z598,,,-,-
379,-,0,BOO 306-5MT 4776,SINGLE COP26 ECO,SAY,TRẮNG SO 20.06.05.W1,20.06.17.W2,-,1Z458,,,-,-
380,-,0,BOO 306-5MT 4776,SINGLE COP26 ECO,SAY,ĐEN SO 19.04.25.F1,20.10.22.A1,-,1Z433,,,-,-
381,-,0,BOO 306-5MT 4776,SINGLE COP26 ECO,SAY,ĐEN SO 19.04.25.F1,20.10.22.A1,-,1Z670,,,-,-
382,-,0,BOO 306-5MT 4776,SINGLE COP26 ECO,SAY,ĐEN SO 19.04.25.F1,20.10.22.A1,-,1Z601,,,-,-
383,-,0,BOO 306-5MT 4776,SINGLE COP26 ECO,SAY,ĐEN SO 19.04.25.F1,20.10.22.A1,-,1Z526,,,-,-
384,-,0,BOO 306-5MT 4776,SINGLE COP26 ECO,SAY,ĐEN SO 19.04.25.F1,20.10.22.A1,-,1Z484,,,-,-
385,-,0,BOO 306-5MT 4776,SINGLE COP26 ECO,SAY,ĐEN SO 19.04.25.F1,20.10.22.A1,-,1Z552,,,-,-
386,-,0,BOO 306-5MT 4776,SINGLE COP26 ECO,SAY,ĐEN SO 19.04.25.F1,20.10.22.A1,-,1Z456,,,-,-
387,-,0,BOO 306-5MT 4776,SINGLE COP26 ECO,SAY,TRẮNG SO 20.06.05.W1,20.06.17.W2,-,1Z599,,,-,-
388,-,0,BOO 306-5MT 4776,SINGLE COP26 ECO,SAY,TRẮNG SO 20.06.05.W1,20.06.17.W2,-,1Z432,,,-,-
389,-,0,BOO 306-5MT 4776,SINGLE COP26 ECO,SAY,TRẮNG SO 20.06.05.W1,20.06.17.W2,-,1Z486,,,-,-
390,-,0,BOO 306-5MT 4776,SINGLE COP26 ECO,SAY,TRẮNG SO 20.06.05.W1,20.06.17.W2,-,1Z549,,,-,-
391,-,0,BOO 306-5MT 4776,SINGLE COP26 ECO,SAY,TRẮNG SO 20.06.05.W1,20.06.17.W2,-,1Z525,,,-,-
392,-,0,BOO 306-5MT 4776,SINGLE COP26 ECO,SAY,TRẮNG SO 20.06.05.W1,20.06.17.W2,-,1Z639,,,-,-
393,-,0,BOO 306-5MT 4776,SINGLE COP26 ECO,SAY,TRẮNG SO 20.06.05.W1,20.06.17.W2,-,1Z459,,,-,-
394,-,0,BOO 306-5MT 4776,SINGLE COP26 ECO,SAY,ĐEN SO 19.04.25.F1,20.10.22.A1,-,1Z681,,,-,-
395,-,0,BOO 306-5MT 4776,SINGLE COP26 ECO,SAY,ĐEN SO 19.04.25.F1,20.10.22.A1,-,1Z671,,,-,-
396,-,0,BOO 306-5MT 4776,SINGLE COP26 ECO,SAY,ĐEN SO 19.04.25.F1,20.10.22.A1,-,1Z551,,,-,-
397,-,0,BOO 306-5MT 4776,SINGLE COP26 ECO,SAY,ĐEN SO 19.04.25.F1,20.10.22.A1,-,1Z457,,,-,-
398,-,0,BOO 306-5MT 4776,SINGLE COP26 ECO,SAY,ĐEN SO 19.04.25.F1,20.10.22.A1,-,1Z527,,,-,-
399,-,0,BOO 306-5MT 4776,SINGLE COP26 ECO,SAY,TRẮNG SO 20.06.05.W1,20.06.17.W2,-,1Z640,,,-,-
400,-,0,BOO 306-5MT 4776,SINGLE COP26 ECO,SAY,TRẮNG SO 20.06.05.W1,20.06.17.W2,-,1Z600,,,-,-
401,-,0,BOO 306-5MT 4776,SINGLE COP26 ECO,SAY,ĐEN SO 19.04.25.F1,20.10.22.A1,-,1Z553,,,-,-
402,-,0,BOO 306-5MT 4776,SINGLE COP26 ECO,SAY,ĐEN SO 19.04.25.F1,20.10.22.A1,-,1Z672,,,-,-
403,-,0,BOO 306-5MR 4777,RIB 1X1 COP26 ECO+E20,DHSB,ĐEN SO 19.04.25.F1,20.10.22.A1,-,1Z645,,,-,-
404,-,0,BOO 306-5MR 4777,RIB 1X1 COP26 ECO+E20,DHSB,ĐEN SO 19.04.25.F1,20.10.22.A1,-,1Z621,,,-,-
405,-,0,BOO 306-5MR 4777,RIB 1X1 COP26 ECO+E20,DHSB,ĐEN SO 19.04.25.F1,20.10.22.A1,-,1Z627,,,-,1Z779
406,-,0,BOO 306-5MR 4777,RIB 1X1 COP26 ECO+E20,DHSB,TRẮNG SO 20.06.05.W1,20.06.17.W2,-,1Z467,,,-,-
407,-,0,BOO 306-5MR 4777,RIB 1X1 COP26 ECO+E20,DHSB,ĐEN SO 19.04.25.F1,20.10.22.A1,-,1Z472,,,-,-
408,-,0,BOO 306-5MR 4777,RIB 1X1 COP26 ECO+E20,DHTP,TRẮNG SO 20.06.05.W1,20.06.17.W2,-,1Z467,,,-,-
409,-,0,BOO 306-5MR 4777,RIB 1X1 COP26 ECO+E20,DHTP,ĐEN SO 19.04.25.F1,20.10.22.A1,-,1Z472,,,-,-
410,-,0,BOO 306-5MR 4777,RIB 1X1 COP26 ECO+E20,DHSB,TRẮNG SO 20.06.05.W1,20.06.17.W2,-,1Z468,,,-,-
411,-,0,BOO 306-5MR 4777,RIB 1X1 COP26 ECO+E20,DHSB,ĐEN SO 19.04.25.F1,20.10.22.A1,-,1Z646,,,-,-
412,-,0,BOO 306-5MR 4777,RIB 1X1 COP26 ECO+E20,DHSB,ĐEN SO 19.04.25.F1,20.10.22.A1,-,1Z626,,,-,1Z682
413,-,0,BOO 306-5MR 4777,RIB 1X1 COP26 ECO+E20,DHSB,ĐEN SO 19.04.25.F1,20.10.22.A1,-,1Z473,,,-,-
414,-,0,BOO 306-5MR 4777,RIB 1X1 COP26 ECO+E20,DHTP,TRẮNG SO 20.06.05.W1,20.06.17.W2,-,1Z468,,,-,-
415,-,0,BOO 306-5MR 4777,RIB 1X1 COP26 ECO+E20,DHTP,ĐEN SO 19.04.25.F1,20.10.22.A1,-,1Z473,,,-,-
416,-,0,BOO 306-5MR 4777,RIB 1X1 COP26 ECO+E20,DHSB,TRẮNG SO 20.06.05.W1,20.06.17.W2,-,1Z469,,,-,-
417,-,0,BOO 306-5MR 4777,RIB 1X1 COP26 ECO+E20,DHSB,ĐEN SO 19.04.25.F1,20.10.22.A1,-,1Z647,,,-,-
418,-,0,BOO 306-5MR 4777,RIB 1X1 COP26 ECO+E20,DHTP,TRẮNG SO 20.06.05.W1,20.06.17.W2,-,1Z469,,,-,-
419,-,0,BOO 306-5MR 4777,RIB 1X1 COP26 ECO+E20,DHSB,ĐEN SO 19.04.25.F1,20.10.22.A1,-,1Z629,,,-,1Z762
420,-,0,BOO 306-5MR 4777,RIB 1X1 COP26 ECO+E20,DHSB,TRẮNG SO 20.06.05.W1,20.06.17.W2,-,1Z470,,,-,-
421,-,0,BOO 306-5MR 4777,RIB 1X1 COP26 ECO+E20,DHTP,TRẮNG SO 20.06.05.W1,20.06.17.W2,-,1Z470,,,-,-
422,-,0,BOO 306-5MR 4777,RIB 1X1 COP26 ECO+E20,DHSB,ĐEN SO 19.04.25.F1,20.10.22.A1,-,1Z648,,,-,-
423,-,0,BOO 306-5MR 4777,RIB 1X1 COP26 ECO+E20,DHSB,ĐEN SO 19.04.25.F1,20.10.22.A1,-,1Z628,,,-,1Z778
424,-,0,BOO 306-5MR 4777,RIB 1X1 COP26 ECO+E20,DHSB,TRẮNG SO 20.06.05.W1,20.06.17.W2,-,1Z471,,,-,-
425,-,0,BOO 306-5MR 4777,RIB 1X1 COP26 ECO+E20,DHTP,TRẮNG SO 20.06.05.W1,20.06.17.W2,-,1Z471,,,-,-
426,-,0,BOO 306-5MR 4777,RIB 1X1 COP26 ECO+E20,DHSB,ĐEN SO 19.04.25.F1,20.10.22.A1,-,1Z649,,,-,-
427,-,0,BOO 306-5MR 4777,RIB 1X1 COP26 ECO+E20,DHSB,ĐEN SO 19.04.25.F1,20.10.22.A1,-,1Z625,,,-,-
428,-,0,BOO 306-5MR 4777,RIB 1X1 COP26 ECO+E20,DHTP,ĐEN SO 19.04.25.F1,20.10.22.A1,-,1Z625,,,-,-
429,-,0,BOO 306-5MR 4777,RIB 1X1 COP26 ECO+E20,DHSB,ĐEN SO 19.04.25.F1,20.10.22.A1,-,1Z622,,,-,-
430,-,0,BOO 306-5MR 4777,RIB 1X1 COP26 ECO+E20,DHTP,ĐEN SO 19.04.25.F1,20.10.22.A1,-,1Z622,,,-,-
431,-,0,BOO 306-5MR 4777,RIB 1X1 COP26 ECO+E20,DHSB,ĐEN SO 19.04.25.F1,20.10.22.A1,-,1Z624,,,-,-
432,-,0,BOO 306-5MR 4777,RIB 1X1 COP26 ECO+E20,DHTP,ĐEN SO 19.04.25.F1,20.10.22.A1,-,1Z624,,,-,-
433,-,0,BOO 306-5MR 4777,RIB 1X1 COP26 ECO+E20,DHSB,ĐEN SO 19.04.25.F1,20.10.22.A1,-,1Z623,,,-,-
434,-,0,BOO 306-5MR 4777,RIB 1X1 COP26 ECO+E20,DHTP,ĐEN SO 19.04.25.F1,20.10.22.A1,-,1Z623,,,-,-
435,-,0,BOO 005-5MS 1116/007,SINGLE CO32//2,SAY,TRẮNG,19.04.23.W1,-,1Z342,,,-,-
436,-,0,BOO 005-5MS 1116/007,SINGLE CO32//2,SAY,TRẮNG,19.04.23.W1,-,1Z341,,,-,-
437,-,0,BOO 005-5MR 1100/008,RIB 2X2 COP20 ECO+E70,DHTP,TRẮNG,19.04.23.W1,-,1Z226,,,-,-
438,-,0,BOO 005-5MR 1100/008,RIB 2X2 COP20 ECO+E70,DHTP,TRẮNG,19.04.23.W1,-,1Z225,,,-,-
439,-,0,BOO 004-5MS 1173/005,SINGLE COP26,SAY,TRẮNG SO 19.04.23.W1,20.07.25.W2,-,1Z381,,,-,-
440,-,0,BOO 004-5MS 1173/005,SINGLE COP26,SAY,XANH NAVY 19-3938 TCX,20.10.31.B2,-,1Z380,,,-,-
441,-,0,BOO 004-5MS 1173/005,SINGLE COP26,SAY,ĐEN SO 19.04.25.F1,20.10.22.A1,-,1Z383,,,-,-
442,-,0,BOO 004-5MS 1173/005,SINGLE COP26,SAY,ĐEN SO 19.04.25.F1,20.10.22.A1,-,1Z464,,,-,-
443,-,0,BOO 004-5MS 1173/005,SINGLE COP26,SAY,TRẮNG SO 19.04.23.W1,20.07.25.W2,-,1Z382,,,-,-
444,-,0,BOO 004-5MS 1173/005,SINGLE COP26,SAY,ĐEN SO 19.04.25.F1,20.10.22.A1,-,1Z466,,,-,-
445,-,0,BOO 004-5MS 1173/005,SINGLE COP26,SAY,ĐEN SO 19.04.25.F1,20.10.22.A1,-,1Z384,,,-,-
446,-,0,BOO 004-5MS 1173/005,SINGLE COP26,SAY,ĐEN SO 19.04.25.F1,20.10.22.A1,-,1Z465,,,-,-
447,-,0,BOO 004-5MR 1172/006,RIB 1X1 COP26+E20,DHSB,ĐEN SO 19.04.25.F1,20.10.22.A1,-,1Z304,,,-,-
448,-,0,BOO 004-5MR 1172/006,RIB 1X1 COP26+E20,DHTP,ĐEN SO 19.04.25.F1,20.10.22.A1,-,1Z304,,,-,-
449,-,0,BDK 004,SINGLE CO30ML,SAY,,,-,1Z379,,,-,-
