-,CÔNG ĐOẠN:  - 283 MẺ,,,,,,,,,,,,,,,,,,,
1,BOO 02.21,BOO 004 - 5MS 1173/005,BOO,SINGLE COP26,,,180,180,1X821,,,,1,"18,90","0,00",102435,,Mẻ này là BOO 004 (đợt 1) màu trắng bị dính dơ đi làm màu ĐỎ,,
2,BOO 08.21,BOO 365 - 5MR 1172/055,BOO,RIB 1X1 COP26 ECO + E20,21.03.29.T3,ĐEN SO 19.04.25.F1,165,280,1V189,,,,1,"8,20","0,00",0,,Mẻ cũ 1W810 của DHY 369 màu RAINNY DAYS sau khi nhuộm trực tiếp do bị sai màu & dính vết màu --> Bị loang --> Chuyển đen cho BOO 365,,
3,BOO 08.21,BOO 365 - 5MS 0680/054,BOO,SINGLE COP26 ECO,21.03.29.T3,ĐEN SO 19.04.25.F1,180,180,1V188,,,,9,"148,90","0,00",0,,Mẻ cũ 1W809 của DHY 369 màu RAINNY DAYS sau khi nhuộm trực tiếp do bị sai màu & dính vết màu --> Bị loang --> Chuyển đen cho BOO 365,,
4,BOO 09.21,BOO 366 - 5MR 1172/050,BOO,RIB 1X1 COP26 ECO + E20,21.05.08.T1,CAM ORANGE TIGER SO 20.12.18.B2,165,280,1V191,,,,1,"15,10","0,00",111801,,Mẻ cũ 1Z952 bị sai màu --> Châm màu,,
5,BOO 09.21,BOO 366 - 5MS 1129/049,BOO,SINGLE COP20 ECO,21.05.08.T1,CAM ORANGE TIGER SO 20.12.18.B2,190,205~210,1V190,,,,9,"170,10","0,00",94860,,Mẻ bị cũ 1Z930 bị sai màu --> Châm màu,,
6,BOO 09.21,BOO 366 - 5MS 1129/049,BOO,SINGLE COP20 ECO,20.12.18.B1.1,CAM ORANGE TIGER SO 20.12.18.B1,190,205~210,1Z900,,,,9,"180,20","0,00",94860,,-,,
7,BOO 09.21,BOO 366 - 5MS 1129/049,BOO,SINGLE COP20 ECO,20.12.18.B1.1,CAM ORANGE TIGER SO 20.12.18.B1,190,205~210,1Z904,,,,9,"181,50","0,00",94860,,Mẻ này không XẺ trước khi nhuộm,,
8,BOO 09.21,BOO 366 - 5MS 1129/049,BOO,SINGLE COP20 ECO,20.12.18.B1.1,CAM ORANGE TIGER SO 20.12.18.B1,190,205~210,1Z905,,,,9,"184,80","0,00",94860,,-,,
9,BOO 09.21,BOO 366 - 5MS 1129/049,BOO,SINGLE COP20 ECO,20.12.18.B1.1,CAM ORANGE TIGER SO 20.12.18.B1,190,205~210,1Z906,,,,9,"183,00","0,00",94860,,-,,
10,BOO 10.21,BOO 367 - 5MR 1172/076,BOO,RIB 1X1 COP26 ECO + E20,,,165,280,1W582,,,,1,"12,00","0,00",125688,,Trả BOO 383,,
11,BOO 10.21,BOO 367 - 5MS 1129/075,BOO,SINGLE COP20 ECO,,,190,205~210,1W581,,,,9,"171,70","0,00",106915,,Trả BOO 383,,
12,BOO 15.21,BOO 385 - 5MR 1172/081,BOO,RIB 1X1 COP26 ECO + E20,20.11.14.A1,ĐEN SO 19.04.25.F1,165,280,1X638,,,,1,"13,20","0,00",125688,,,,
13,BOO 15.21,BOO 385 - 5MR 1172/081,BOO,RIB 1X1 COP26 ECO + E20,20.11.14.A1,ĐEN SO 19.04.25.F1,165,280,1X639,,,,1,"14,60","0,00",125688,,,,
14,BOO 15.21,BOO 385 - 5MS 0582/080,BOO,SINGLE COP20 ECO,20.11.14.A1,ĐEN SO 19.04.25.F1,185,220,1X619,,,,9,"181,30","0,00",106915,,,,
15,BOO 15.21,BOO 385 - 5MS 0582/080,BOO,SINGLE COP20 ECO,20.11.14.A1,ĐEN SO 19.04.25.F1,185,220,1X620,,,,9,"181,60","0,00",106915,,,,
16,DHY 05.21 - TSH024-S21,DHY 369 - 5MR 1172/048,ĐỨC DUY,RIB 1X1 COP26 ECO + E20,21.03.20.C1.1,RAINNY DAY SO 21.02.01.L1,165,280,1V187,,,,1,"14,80","0,00",0,,Mẻ mộc chuyển từ BOO 365 sang (mẻ cũ 1X299),,
17,DHY 05.21 - TSH024-S21,DHY 369 - 5MS 0680/047,ĐỨC DUY,SINGLE COP26 ECO,21.03.20.C1.1,RAINNY DAY SO 21.02.01.L1,180,180,1V186,,,,9,"184,70","0,00",0,,Mẻ mộc chuyển từ BOO 365 sang (mẻ cũ 1X286),,
18,HDG 01.21,HDG 404 - 5MS 0836/002,CANIFA,SINGLE COP30 ECO,21.04.02.A1.1,BLUE SO 21.04.02.A1,185,160,1W778,,,,10,"202,00","0,00",117080,,,,
19,HDG 03.21,HDG 416 - 5MS 0836/004,CANIFA,SINGLE COP30 ECO,21.04.03.W1,WHITE 001-SW001 11-0601TCX,185,160,1V008,,,,9,"185,30","0,00",117080,,,,
20,HDG 03.21,HDG 416 - 5MS 0836/004,CANIFA,SINGLE COP30 ECO,21.04.03.W1,WHITE 001-SW001 11-0601TCX,185,160,1V009,,,,9,"181,50","0,00",117080,,,,
21,HDG 03.21,HDG 416 - 5MS 0836/004,CANIFA,SINGLE COP30 ECO,21.04.03.W1,WHITE 001-SW001 11-0601TCX,185,160,1V010,,,,9,"181,20","0,00",117080,,,,
22,HDG 03.21,HDG 416 - 5MS 0836/004,CANIFA,SINGLE COP30 ECO,21.04.03.W1,WHITE 001-SW001 11-0601TCX,185,160,1V011,,,,10,"190,60","0,00",117080,,,,
23,HDG 03.21,HDG 416 - 5MS 0836/004,CANIFA,SINGLE COP30 ECO,21.04.03.W1,WHITE 001-SW001 11-0601TCX,185,160,1V012,,,,10,"189,40","0,00",117080,,,,
24,HDG 03.21,HDG 416 - 5MS 0836/004,CANIFA,SINGLE COP30 ECO,21.04.03.W1,WHITE 001-SW001 11-0601TCX,185,160,1V013,,,,9,"181,10","0,00",117080,,,,
25,HDG 03.21,HDG 416 - 5MS 0836/004,CANIFA,SINGLE COP30 ECO,21.04.03.W1,WHITE 001-SW001 11-0601TCX,185,160,1V014,,,,9,"181,90","0,00",117080,,,,
26,HDG 03.21,HDG 416 - 5MS 0836/004,CANIFA,SINGLE COP30 ECO,21.04.03.W1,WHITE 001-SW001 11-0601TCX,185,160,1V015,,,,9,"179,70","0,00",117080,,,,
27,HDG 03.21,HDG 416 - 5MS 0836/004,CANIFA,SINGLE COP30 ECO,21.04.03.W1,WHITE 001-SW001 11-0601TCX,185,160,1V016,,,,9,"181,50","0,00",117080,,,,
28,HDG 03.21,HDG 416 - 5MS 0836/004,CANIFA,SINGLE COP30 ECO,21.04.03.W1,WHITE 001-SW001 11-0601TCX,185,160,1V017,,,,9,"180,50","0,00",117080,,,,
29,HDG 03.21,HDG 416 - 5MS 0836/004,CANIFA,SINGLE COP30 ECO,21.04.03.W1,WHITE 001-SW001 11-0601TCX,185,160,1V018,,,,9,"182,30","0,00",117080,,,,
30,HDG 03.21,HDG 416 - 5MS 0836/004,CANIFA,SINGLE COP30 ECO,21.04.03.W1,WHITE 001-SW001 11-0601TCX,185,160,1V019,,,,9,"182,10","0,00",117080,,,,
31,HGG 02.21 - TSHW09+11+16+18,HGG 382 - 5MR 1172/074,HOÀNG GIA,RIB 1X1 COP26 + E20,21.04.10.T1,BRIGHT WHITE SO 21.03.08.W2,170,270,1W545,,,,1,"12,10","0,00",128703,,Mẻ cũ 1X145 bị ố vàng hết mẻ,,
32,HGG 06.21,HGG 398 - 5MS 0836/002,HOÀNG GIA,SINGLE COP30 ECO,21.04.17.L1.1,XANH NGỌC ĐẬM SO 20.11.30.C1,185,160,1W596,,,,8,"160,40","0,00",117080,,,,
33,HGG 09.21,HGG 422 - 5MS 0836/004,HOÀNG GIA,SINGLE COP30 ECO,,,185,160,1V060,,,,8,"162,20","0,00",117080,,,,
34,HGG 09.21,HGG 422 - 5MS 0836/004,HOÀNG GIA,SINGLE COP30 ECO,,,185,160,1V058,,,,9,"171,70","0,00",117080,,,,
35,HGG 09.21,HGG 422 - 5MS 0836/004,HOÀNG GIA,SINGLE COP30 ECO,,,185,160,1V061,,,,8,"160,80","0,00",117080,,,,
36,HGG 09.21,HGG 422 - 5MS 0836/004,HOÀNG GIA,SINGLE COP30 ECO,,,185,160,1V059,,,,9,"172,10","0,00",117080,,,,
37,HGG 09.21,HGG 422 - 5MS 0836/004,HOÀNG GIA,SINGLE COP30 ECO,,,185,160,1V056,,,,8,"162,00","0,00",117080,,,,
38,HGG 09.21,HGG 422 - 5MS 0836/004,HOÀNG GIA,SINGLE COP30 ECO,,,185,160,1V057,,,,8,"161,70","0,00",117080,,,,
39,HGG 09.21,HGG 422 - 5MS 0836/004,HOÀNG GIA,SINGLE COP30 ECO,,,185,160,1V041,,,,10,"201,10","0,00",117080,,,,
40,HGG 09.21,HGG 422 - 5MS 0836/004,HOÀNG GIA,SINGLE COP30 ECO,,,185,160,1V042,,,,9,"183,60","0,00",117080,,,,
41,HGG 09.21,HGG 422 - 5MS 0836/004,HOÀNG GIA,SINGLE COP30 ECO,,,185,160,1V040,,,,10,"200,40","0,00",117080,,,,
42,HGG 09.21,HGG 422 - 5MS 0836/004,HOÀNG GIA,SINGLE COP30 ECO,,,185,160,1V043,,,,9,"183,10","0,00",117080,,,,
43,HGG 09.21,HGG 422 - 5MS 0836/004,HOÀNG GIA,SINGLE COP30 ECO,,,185,160,1V044,,,,9,"182,50","0,00",117080,,,,
44,HGG 09.21,HGG 422 - 5MS 0836/004,HOÀNG GIA,SINGLE COP30 ECO,,,185,160,1V045,,,,9,"182,40","0,00",117080,,,,
45,HGG 09.21,HGG 422 - 5MS 0836/004,HOÀNG GIA,SINGLE COP30 ECO,,,185,160,1V051,,,,8,"161,10","0,00",117080,,,,
46,HGG 09.21,HGG 422 - 5MS 0836/004,HOÀNG GIA,SINGLE COP30 ECO,,,185,160,1V052,,,,8,"162,00","0,00",117080,,,,
47,HGG 09.21,HGG 422 - 5MS 0836/004,HOÀNG GIA,SINGLE COP30 ECO,,,185,160,1V053,,,,8,"162,20","0,00",117080,,,,
48,HGG 09.21,HGG 422 - 5MS 0836/004,HOÀNG GIA,SINGLE COP30 ECO,,,185,160,1V054,,,,8,"160,40","0,00",117080,,,,
49,HGG 09.21,HGG 422 - 5MS 0836/004,HOÀNG GIA,SINGLE COP30 ECO,,,185,160,1V055,,,,8,"163,10","0,00",117080,,,,
50,HGG 09.21,HGG 422 - 5MS 0836/004,HOÀNG GIA,SINGLE COP30 ECO,,,185,160,1V046,,,,7,"142,20","0,00",117080,,,,
51,HGG 09.21,HGG 422 - 5MS 0836/004,HOÀNG GIA,SINGLE COP30 ECO,,,185,160,1V047,,,,8,"150,70","0,00",117080,,,,
52,HGG 09.21,HGG 422 - 5MS 0836/004,HOÀNG GIA,SINGLE COP30 ECO,,,185,160,1V048,,,,9,"174,70","0,00",117080,,,,
53,HGG 09.21,HGG 422 - 5MS 0836/004,HOÀNG GIA,SINGLE COP30 ECO,,,185,160,1V049,,,,9,"174,30","0,00",117080,,,,
54,HGG 09.21,HGG 422 - 5MS 0836/004,HOÀNG GIA,SINGLE COP30 ECO,,,185,160,1V050,,,,8,"161,50","0,00",117080,,,,
55,HGG 09.21,HGG 422 - 5MS 0836/004,HOÀNG GIA,SINGLE COP30 ECO,21.04.03.W1,WHITE 001-SW001 11-0601TCX,185,160,1V036,,,,8,"151,80","0,00",117080,,,,
56,HGG 09.21,HGG 422 - 5MS 0836/004,HOÀNG GIA,SINGLE COP30 ECO,21.04.03.W1,WHITE 001-SW001 11-0601TCX,185,160,1V037,,,,8,"152,60","0,00",117080,,,,
57,HGG 09.21,HGG 422 - 5MS 0836/004,HOÀNG GIA,SINGLE COP30 ECO,21.04.03.W1,WHITE 001-SW001 11-0601TCX,185,160,1V038,,,,8,"151,90","0,00",117080,,,,
58,HGG 09.21,HGG 422 - 5MS 0836/004,HOÀNG GIA,SINGLE COP30 ECO,21.04.03.W1,WHITE 001-SW001 11-0601TCX,185,160,1V039,,,,8,"151,00","0,00",117080,,,,
59,KVG 01.21 - KVG 217,KVG 420 - 5MP 0001/002,K&G,PIQUE CVC40 + E30,,,190,220,1V098,,,,10,"199,50","0,00",0,,,,
60,KVG 01.21 - KVG 217,KVG 420 - 5MP 0001/002,K&G,PIQUE CVC40 + E30,,,190,220,1V096,,,,10,"191,60","0,00",0,,,,
61,KVG 01.21 - KVG 217,KVG 420 - 5MP 0001/002,K&G,PIQUE CVC40 + E30,,,190,220,1V097,,,,10,"191,40","0,00",0,,,,
62,KVG 01.21 - KVG 217,KVG 420 - 5MP 0001/002,K&G,PIQUE CVC40 + E30,,,190,220,1V101,,,,10,"199,90","0,00",0,,,,
63,KVG 01.21 - KVG 217,KVG 420 - 5MP 0001/002,K&G,PIQUE CVC40 + E30,,,190,220,1V089,,,,10,"204,30","0,00",0,,,,
64,KVG 01.21 - KVG 217,KVG 420 - 5MP 0001/002,K&G,PIQUE CVC40 + E30,,,190,220,1V091,,,,10,"189,90","0,00",0,,,,
65,KVG 01.21 - KVG 217,KVG 420 - 5MP 0001/002,K&G,PIQUE CVC40 + E30,,,190,220,1V099,,,,9,"181,00","0,00",0,,,,
66,KVG 01.21 - KVG 217,KVG 420 - 5MP 0001/002,K&G,PIQUE CVC40 + E30,,,190,220,1V100,,,,9,"181,80","0,00",0,,,,
67,KVG 01.21 - KVG 217,KVG 420 - 5MP 0001/002,K&G,PIQUE CVC40 + E30,,,190,220,1V103,,,,10,"190,40","0,00",0,,,,
68,KVG 01.21 - KVG 217,KVG 420 - 5MP 0001/002,K&G,PIQUE CVC40 + E30,,,190,220,1V102,,,,10,"204,30","0,00",0,,,,
69,KVG 02.21 - KVG 229,KVG 421 - 5MR 2003/003,K&G,RIB 1X1 CVC40 + E20,,,160,230,1V123,,,,2,"26,70","0,00",0,,,,
70,KVG 02.21 - KVG 229,KVG 421 - 5MR 2003/003,K&G,RIB 1X1 CVC40 + E20,,,160,230,1V124,,,,2,"26,00","0,00",0,,,,
71,KVG 02.21 - KVG 229,KVG 421 - 5MR 2003/003,K&G,RIB 1X1 CVC40 + E20,,,160,230,1V126,,,,2,"25,70","0,00",0,,,,
72,KVG 02.21 - KVG 229,KVG 421 - 5MR 2003/003,K&G,RIB 1X1 CVC40 + E20,,,160,230,1V127,,,,2,"26,10","0,00",0,,,,
73,KVG 02.21 - KVG 229,KVG 421 - 5MR 2003/003,K&G,RIB 1X1 CVC40 + E20,,,160,230,1V128,,,,2,"26,10","0,00",0,,,,
74,KVG 02.21 - KVG 229,KVG 421 - 5MR 2003/003,K&G,RIB 1X1 CVC40 + E20,,,160,230,1V125,,,,2,"25,90","0,00",0,,,,
75,KVG 02.21 - KVG 229,KVG 421 - 5MR 2003/003,K&G,RIB 1X1 CVC40 + E20,,,160,230,1V131,,,,2,"25,70","0,00",0,,,,
76,KVG 02.21 - KVG 229,KVG 421 - 5MR 2003/003,K&G,RIB 1X1 CVC40 + E20,,,160,230,1V132,,,,2,"26,20","0,00",0,,,,
77,KVG 02.21 - KVG 229,KVG 421 - 5MR 2003/003,K&G,RIB 1X1 CVC40 + E20,,,160,230,1V130,,,,2,"27,00","0,00",0,,,,
78,KVG 02.21 - KVG 229,KVG 421 - 5MS 0093/005,K&G,SINGLE CVC40 + E20,,,170,180,1V116,,,,9,"180,10","0,00",0,,,,
79,KVG 02.21 - KVG 229,KVG 421 - 5MS 0093/005,K&G,SINGLE CVC40 + E20,,,170,180,1V117,,,,9,"182,30","0,00",0,,,,
80,KVG 02.21 - KVG 229,KVG 421 - 5MS 0093/005,K&G,SINGLE CVC40 + E20,,,170,180,1V118,,,,9,"181,20","0,00",0,,,,
81,KVG 05.21,KVG 427 - 5MR 2003/004,K&G,RIB 1X1 CVC40 + E20,,,160,230,1V156,,,,1,"10,90","0,00",0,,,,
82,KVG 05.21,KVG 427 - 5MR 2003/004,K&G,RIB 1X1 CVC40 + E20,,,160,230,1V157,,,,1,"15,40","0,00",0,,,,
83,KVG 05.21,KVG 427 - 5MR 2003/004,K&G,RIB 1X1 CVC40 + E20,,,160,230,1V159,,,,1,"10,30","0,00",0,,,,
84,KVG 05.21,KVG 427 - 5MR 2003/004,K&G,RIB 1X1 CVC40 + E20,,,160,230,1V160,,,,1,"15,50","0,00",0,,,,
85,KVG 05.21,KVG 427 - 5MR 2003/004,K&G,RIB 1X1 CVC40 + E20,,,160,230,1V158,,,,1,"10,30","0,00",0,,,,
86,KVG 05.21,KVG 427 - 5MR 2003/004,K&G,RIB 1X1 CVC40 + E20,,,160,230,1V161,,,,1,"15,60","0,00",0,,,,
87,KVG 05.21,KVG 427 - 5MS 0093/007,K&G,SINGLE CVC40 + E20,,,165,190,1V142,,,,10,"204,90","0,00",0,,,,
88,KVG 05.21,KVG 427 - 5MS 0093/007,K&G,SINGLE CVC40 + E20,,,165,190,1V140,,,,10,"193,80","0,00",0,,,,
89,KVG 05.21,KVG 427 - 5MS 0093/007,K&G,SINGLE CVC40 + E20,,,165,190,1V141,,,,10,"191,40","0,00",0,,,,
90,KVG 05.21,KVG 427 - 5MS 0093/007,K&G,SINGLE CVC40 + E20,,,165,190,1V149,,,,10,"207,60","0,00",0,,,,
91,KVG 05.21,KVG 427 - 5MS 0093/007,K&G,SINGLE CVC40 + E20,,,165,190,1V147,,,,10,"202,30","0,00",0,,,,
92,KVG 05.21,KVG 427 - 5MS 0093/007,K&G,SINGLE CVC40 + E20,,,165,190,1V148,,,,9,"181,50","0,00",0,,,,
93,KVG 05.21,KVG 427 - 5MS 0093/007,K&G,SINGLE CVC40 + E20,,,165,190,1V150,,,,9,"183,00","0,00",0,,,,
94,MAU 04.21,MAU 0370 - 5MT 91200,BAB,SINGLE CO18,-,-,200,230,1W771,,,,1,"13,60","0,00",116092,,HÀNG CÓ WASH + COMPACT.
KÉ THEO MÀU TRẮNG ĐH BAB 403.,,
95,MAU 03.21,MAU 306 - 5MT 91197,CTY THIỆN CHÍ,SINGLE CO30,,,,,1X842,,,,1,"21,30","0,00",0,,HÀNG CÓ WASH+COMPCT.
ĐHTP THAM KHẢO A. HẢI,,
96,MAU 03.21,MAU 341 - 5MT 92001,LÀM MẪU / MÂU KHÁCH,KHĂN PET 150/3,-,-,-,575,1W012,,,,1,"2,10","0,00",0,,,,
97,MAU 03.21,MAU 342 - 5MT 92002,LÀM MẪU / MÂU KHÁCH,KHĂN E-SUPER 100/3,-,-,-,405,1W013,,,,1,"2,30","0,00",0,,,,
98,NPT 01.21,NPT F03 - 5MF 1112/001,NHẬT PHÁT,FRENCH TERRY CVC30 ECO + CVC30 ECO + E20,21.04.09.A.FA1,XANH MINT SO 21.03.05.E2,180,250,1W154,,,,7,"141,90","0,00",101800,,,,
99,NPT 01.21,NPT F03 - 5MF 1112/001,NHẬT PHÁT,FRENCH TERRY CVC30 ECO + CVC30 ECO + E20,21.04.09.A.FA1,XANH MINT SO 21.03.05.E2,180,250,1W155,,,,7,"140,80","0,00",101800,,,,
100,NPT 01.21,NPT F03 - 5MF 1112/001,NHẬT PHÁT,FRENCH TERRY CVC30 ECO + CVC30 ECO + E20,21.04.09.A.FA1,XANH MINT SO 21.03.05.E2,180,250,1W156,,,,7,"142,10","0,00",101800,,,,
101,NPT 01.21,NPT F03 - 5MF 1112/001,NHẬT PHÁT,FRENCH TERRY CVC30 ECO + CVC30 ECO + E20,21.04.09.A.FA1,XANH MINT SO 21.03.05.E2,180,250,1W157,,,,7,"141,90","0,00",101800,,,,
102,NPT 01.21,NPT F03 - 5MF 1112/001,NHẬT PHÁT,FRENCH TERRY CVC30 ECO + CVC30 ECO + E20,21.04.09.A.FA1,XANH MINT SO 21.03.05.E2,180,250,1W158,,,,7,"141,00","0,00",101800,,,,
103,NPT 01.21,NPT F03 - 5MF 1112/001,NHẬT PHÁT,FRENCH TERRY CVC30 ECO + CVC30 ECO + E20,21.04.09.A.FA1,XANH MINT SO 21.03.05.E2,180,250,1W159,,,,7,"143,30","0,00",101800,,,,
104,NPT 01.21,NPT F03 - 5MF 1112/001,NHẬT PHÁT,FRENCH TERRY CVC30 ECO + CVC30 ECO + E20,21.04.09.A.FA1,XANH MINT SO 21.03.05.E2,180,250,1W160,,,,7,"141,30","0,00",101800,,,,
105,NPT 01.21,NPT F03 - 5MF 1112/001,NHẬT PHÁT,FRENCH TERRY CVC30 ECO + CVC30 ECO + E20,21.04.09.A.FA1,XANH MINT SO 21.03.05.E2,180,250,1W161,,,,7,"141,70","0,00",101800,,,,
106,NPT 01.21,NPT F03 - 5MF 1112/001,NHẬT PHÁT,FRENCH TERRY CVC30 ECO + CVC30 ECO + E20,21.04.10.A.FA1,XANH NAVY SO 21.03.05.N2,180,250,1W216,,,,7,"141,50","0,00",101800,,,,
107,NPT 01.21,NPT F03 - 5MF 1112/001,NHẬT PHÁT,FRENCH TERRY CVC30 ECO + CVC30 ECO + E20,21.04.10.A.FA1,XANH NAVY SO 21.03.05.N2,180,250,1W217,,,,7,"141,10","0,00",101800,,,,
108,NPT 01.21,NPT F03 - 5MF 1112/001,NHẬT PHÁT,FRENCH TERRY CVC30 ECO + CVC30 ECO + E20,21.04.10.A.FA1,XANH NAVY SO 21.03.05.N2,180,250,1W218,,,,8,"162,20","0,00",101800,,,,
109,NPT 01.21,NPT F03 - 5MF 1112/001,NHẬT PHÁT,FRENCH TERRY CVC30 ECO + CVC30 ECO + E20,21.04.10.A.FA1,XANH NAVY SO 21.03.05.N2,180,250,1W219,,,,8,"161,40","0,00",101800,,,,
110,NPT 01.21,NPT F03 - 5MF 1112/001,NHẬT PHÁT,FRENCH TERRY CVC30 ECO + CVC30 ECO + E20,21.04.10.A.FA1,XANH NAVY SO 21.03.05.N2,180,250,1W220,,,,8,"161,90","0,00",101800,,,,
111,NPT 01.21,NPT F03 - 5MF 1112/001,NHẬT PHÁT,FRENCH TERRY CVC30 ECO + CVC30 ECO + E20,21.04.10.A.FA1,XANH NAVY SO 21.03.05.N2,180,250,1W221,,,,8,"161,20","0,00",101800,,,,
112,NPT 01.21,NPT F03 - 5MF 1112/001,NHẬT PHÁT,FRENCH TERRY CVC30 ECO + CVC30 ECO + E20,21.04.10.A.FA1,XANH NAVY SO 21.03.05.N2,180,250,1W222,,,,8,"161,50","0,00",101800,,,,
113,NPT 01.21,NPT F03 - 5MF 1112/001,NHẬT PHÁT,FRENCH TERRY CVC30 ECO + CVC30 ECO + E20,21.04.10.A.FA1,XANH NAVY SO 21.03.05.N2,180,250,1W223,,,,8,"160,50","0,00",101800,,,,
114,NPT 01.21,NPT F03 - 5MF 1112/001,NHẬT PHÁT,FRENCH TERRY CVC30 ECO + CVC30 ECO + E20,21.04.10.A.FA1,XANH NAVY SO 21.03.05.N2,180,250,1W224,,,,8,"159,10","0,00",101800,,,,
115,NPT 01.21,NPT F03 - 5MF 1112/001,NHẬT PHÁT,FRENCH TERRY CVC30 ECO + CVC30 ECO + E20,21.04.10.A.FA1,XANH NAVY SO 21.03.05.N2,180,250,1W225,,,,8,"159,60","0,00",101800,,,,
116,NPT 01.21,NPT F03 - 5MF 1112/001,NHẬT PHÁT,FRENCH TERRY CVC30 ECO + CVC30 ECO + E20,21.04.10.A.FA1,XANH NAVY SO 21.03.05.N2,180,250,1W226,,,,8,"162,40","0,00",101800,,,,
117,NPT 01.21,NPT F03 - 5MF 1112/001,NHẬT PHÁT,FRENCH TERRY CVC30 ECO + CVC30 ECO + E20,21.04.10.A.FA1,XANH NAVY SO 21.03.05.N2,180,250,1W227,,,,8,"161,40","0,00",101800,,,,
118,NPT 01.21,NPT F03 - 5MF 1112/001,NHẬT PHÁT,FRENCH TERRY CVC30 ECO + CVC30 ECO + E20,21.04.10.A.FA1,XANH NAVY SO 21.03.05.N2,180,250,1W228,,,,8,"160,90","0,00",101800,,,,
119,NPT 01.21,NPT F03 - 5MF 1112/001,NHẬT PHÁT,FRENCH TERRY CVC30 ECO + CVC30 ECO + E20,21.04.10.A.FA1,XANH NAVY SO 21.03.05.N2,180,250,1W229,,,,8,"153,10","0,00",101800,,,,
120,NPT 01.21,NPT F03 - 5MF 1112/001,NHẬT PHÁT,FRENCH TERRY CVC30 ECO + CVC30 ECO + E20,21.04.10.A.FA1,XANH NAVY SO 21.03.05.N2,180,250,1W230,,,,8,"162,00","0,00",101800,,,,
121,NPT 01.21,NPT F03 - 5MF 1112/001,NHẬT PHÁT,FRENCH TERRY CVC30 ECO + CVC30 ECO + E20,21.04.10.A.FA1,XANH NAVY SO 21.03.05.N2,180,250,1W231,,,,8,"161,50","0,00",101800,,,,
122,NPT 01.21,NPT F03 - 5MF 1112/001,NHẬT PHÁT,FRENCH TERRY CVC30 ECO + CVC30 ECO + E20,21.04.10.A.FA1,XANH NAVY SO 21.03.05.N2,180,250,1W232,,,,8,"160,60","0,00",101800,,,,
123,NPT 01.21,NPT F03 - 5MF 1112/001,NHẬT PHÁT,FRENCH TERRY CVC30 ECO + CVC30 ECO + E20,21.04.10.A.FA1,XANH NAVY SO 21.03.05.N2,180,250,1W233,,,,8,"164,90","0,00",101800,,,,
124,NPT 01.21,NPT F03 - 5MF 1112/001,NHẬT PHÁT,FRENCH TERRY CVC30 ECO + CVC30 ECO + E20,21.04.10.A.FA1,XANH NAVY SO 21.03.05.N2,180,250,1W234,,,,8,"162,70","0,00",101800,,,,
125,NPT 01.21,NPT F03 - 5MF 1112/002,NHẬT PHÁT,FRENCH TERRY CVC30 ECO + CVC30 ECO + E20,21.04.12.G.FA1,NÂU SỮA SO 21.03.05.C1,180,250,1W641,,,,7,"141,20","0,00",101800,,,,
126,NPT 01.21,NPT F03 - 5MF 1112/002,NHẬT PHÁT,FRENCH TERRY CVC30 ECO + CVC30 ECO + E20,21.04.12.G.FA1,NÂU SỮA SO 21.03.05.C1,180,250,1W642,,,,7,"138,20","0,00",101800,,,,
127,NPT 01.21,NPT F03 - 5MF 1112/002,NHẬT PHÁT,FRENCH TERRY CVC30 ECO + CVC30 ECO + E20,21.04.12.D.FA1,RÊU SO 21.03.05.N2,180,250,1W236,,,,7,"131,40","0,00",101800,,,,
128,NPT 01.21,NPT F03 - 5MF 1112/002,NHẬT PHÁT,FRENCH TERRY CVC30 ECO + CVC30 ECO + E20,21.04.12.D.FA1,RÊU SO 21.03.05.N2,180,250,1W237,,,,7,"126,50","0,00",101800,,,,
129,NPT 01.21,NPT F03 - 5MF 1112/002,NHẬT PHÁT,FRENCH TERRY CVC30 ECO + CVC30 ECO + E20,21.04.12.D.FA1,RÊU SO 21.03.05.N2,180,250,1W238,,,,7,"142,20","0,00",101800,,,,
130,NPT 01.21,NPT F03 - 5MF 1112/002,NHẬT PHÁT,FRENCH TERRY CVC30 ECO + CVC30 ECO + E20,21.04.12.D.FA1,RÊU SO 21.03.05.N2,180,250,1W239,,,,7,"142,40","0,00",101800,,,,
131,NPT 01.21,NPT F03 - 5MF 1112/002,NHẬT PHÁT,FRENCH TERRY CVC30 ECO + CVC30 ECO + E20,21.04.12.D.FA1,RÊU SO 21.03.05.N2,180,250,1W240,,,,7,"141,60","0,00",101800,,,,
132,NPT 01.21,NPT F03 - 5MF 1112/002,NHẬT PHÁT,FRENCH TERRY CVC30 ECO + CVC30 ECO + E20,21.04.12.D.FA1,RÊU SO 21.03.05.N2,180,250,1W241,,,,6,"121,90","0,00",101800,,,,
133,NPT 01.21,NPT F03 - 5MF 1112/002,NHẬT PHÁT,FRENCH TERRY CVC30 ECO + CVC30 ECO + E20,21.04.12.D.FA1,RÊU SO 21.03.05.N2,180,250,1W242,,,,8,"162,00","0,00",101800,,,,
134,NPT 01.21,NPT F03 - 5MF 1112/002,NHẬT PHÁT,FRENCH TERRY CVC30 ECO + CVC30 ECO + E20,21.04.12.D.FA1,RÊU SO 21.03.05.N2,180,250,1W243,,,,7,"141,20","0,00",101800,,,,
135,NPT 01.21,NPT F03 - 5MF 1112/002,NHẬT PHÁT,FRENCH TERRY CVC30 ECO + CVC30 ECO + E20,21.04.10.C.FA1,CỔ VỊT SO 21.03.05.P1,180,250,1W162,,,,8,"162,20","0,00",101800,,,,
136,NPT 01.21,NPT F03 - 5MF 1112/002,NHẬT PHÁT,FRENCH TERRY CVC30 ECO + CVC30 ECO + E20,21.04.10.C.FA1,CỔ VỊT SO 21.03.05.P1,180,250,1W163,,,,8,"161,50","0,00",101800,,,,
137,NPT 01.21,NPT F03 - 5MF 1112/002,NHẬT PHÁT,FRENCH TERRY CVC30 ECO + CVC30 ECO + E20,21.04.10.C.FA1,CỔ VỊT SO 21.03.05.P1,180,250,1W164,,,,8,"162,40","0,00",101800,,,,
138,NPT 01.21,NPT F03 - 5MF 1112/002,NHẬT PHÁT,FRENCH TERRY CVC30 ECO + CVC30 ECO + E20,21.04.10.C.FA1,CỔ VỊT SO 21.03.05.P1,180,250,1W165,,,,8,"161,50","0,00",101800,,,,
139,NPT 01.21,NPT F03 - 5MF 1112/002,NHẬT PHÁT,FRENCH TERRY CVC30 ECO + CVC30 ECO + E20,21.04.10.C.FA1,CỔ VỊT SO 21.03.05.P1,180,250,1W166,,,,8,"162,40","0,00",101800,,,,
140,NPT 01.21,NPT F03 - 5MF 1112/002,NHẬT PHÁT,FRENCH TERRY CVC30 ECO + CVC30 ECO + E20,21.04.10.C.FA1,CỔ VỊT SO 21.03.05.P1,180,250,1W167,,,,8,"162,20","0,00",101800,,,,
141,NPT 01.21,NPT F03 - 5MF 1112/002,NHẬT PHÁT,FRENCH TERRY CVC30 ECO + CVC30 ECO + E20,21.03.05.W1,TRẮNG,180,250,1W079,,,,6,"121,40","0,00",101800,,,,
142,NPT 01.21,NPT F03 - 5MF 1112/003,NHẬT PHÁT,FRENCH TERRY CVC30 ECO + CVC30 ECO + E20,21.04.08.E.FA1,BE SO 21.03.05.H1,180,250,1W116,,,,7,"141,50","0,00",101800,,,,
143,NPT 01.21,NPT F03 - 5MF 1112/003,NHẬT PHÁT,FRENCH TERRY CVC30 ECO + CVC30 ECO + E20,21.04.08.E.FA1,BE SO 21.03.05.H1,180,250,1W117,,,,7,"140,00","0,00",101800,,,,
144,NPT 01.21,NPT F03 - 5MF 1112/003,NHẬT PHÁT,FRENCH TERRY CVC30 ECO + CVC30 ECO + E20,21.04.08.C.FA1,ĐEN SO 21.03.05.M1,180,250,1W244,,,,8,"148,50","0,00",101800,,,,
145,NPT 01.21,NPT F03 - 5MF 1112/003,NHẬT PHÁT,FRENCH TERRY CVC30 ECO + CVC30 ECO + E20,21.04.08.C.FA1,ĐEN SO 21.03.05.M1,180,250,1W245,,,,8,"151,60","0,00",101800,,,,
146,NPT 01.21,NPT F03 - 5MR 2000/001,NHẬT PHÁT,RIB 2X2 CVC30 ECO + E70,21.04.12.G.FA1,NÂU SỮA SO 21.03.05.C1,120,350,1W644,,,,2,"40,30","0,00",119373,,,,
147,NPT 01.21,NPT F03 - 5MR 2000/001,NHẬT PHÁT,RIB 2X2 CVC30 ECO + E70,21.04.12.G.FA1,NÂU SỮA SO 21.03.05.C1,120,350,1W645,,,,2,"40,60","0,00",119373,,,,
148,NPT 01.21,NPT F03 - 5MR 2000/001,NHẬT PHÁT,RIB 2X2 CVC30 ECO + E70,21.04.09.A.FA1,XANH MINT SO 21.03.05.E2,120,350,1W354,,,,3,"60,50","0,00",119373,,,,
149,NPT 01.21,NPT F03 - 5MR 2000/001,NHẬT PHÁT,RIB 2X2 CVC30 ECO + E70,21.04.09.A.FA1,XANH MINT SO 21.03.05.E2,120,350,1W355,,,,2,"40,00","0,00",119373,,,,
150,NPT 01.21,NPT F03 - 5MR 2000/001,NHẬT PHÁT,RIB 2X2 CVC30 ECO + E70,21.04.09.A.FA1,XANH MINT SO 21.03.05.E2,120,350,1W356,,,,2,"40,00","0,00",119373,,,,
151,NPT 01.21,NPT F03 - 5MR 2000/001,NHẬT PHÁT,RIB 2X2 CVC30 ECO + E70,21.04.09.A.FA1,XANH MINT SO 21.03.05.E2,120,350,1W357,,,,2,"40,10","0,00",119373,,,,
152,NPT 01.21,NPT F03 - 5MR 2000/001,NHẬT PHÁT,RIB 2X2 CVC30 ECO + E70,21.04.09.A.FA1,XANH MINT SO 21.03.05.E2,120,350,1W358,,,,2,"40,10","0,00",119373,,,,
153,NPT 01.21,NPT F03 - 5MR 2000/001,NHẬT PHÁT,RIB 2X2 CVC30 ECO + E70,21.04.09.A.FA1,XANH MINT SO 21.03.05.E2,120,350,1W359,,,,2,"39,50","0,00",119373,,,,
154,NPT 01.21,NPT F03 - 5MR 2000/001,NHẬT PHÁT,RIB 2X2 CVC30 ECO + E70,21.04.09.A.FA1,XANH MINT SO 21.03.05.E2,120,350,1W360,,,,2,"40,10","0,00",119373,,,,
155,NPT 01.21,NPT F03 - 5MR 2000/001,NHẬT PHÁT,RIB 2X2 CVC30 ECO + E70,21.04.09.A.FA1,XANH MINT SO 21.03.05.E2,120,350,1W361,,,,2,"39,90","0,00",119373,,,,
156,NPT 01.21,NPT F03 - 5MR 2000/001,NHẬT PHÁT,RIB 2X2 CVC30 ECO + E70,21.03.05.W1,TRẮNG,120,350,1W421,,,,2,"30,10","0,00",119373,,,,
157,NPT 01.21,NPT F03 - 5MR 2000/001,NHẬT PHÁT,RIB 2X2 CVC30 ECO + E70,21.03.05.W1,TRẮNG,120,350,1W420,,,,2,"30,50","0,00",119373,,,,
158,NPT 01.21,NPT F03 - 5MR 2000/001,NHẬT PHÁT,RIB 2X2 CVC30 ECO + E70,21.04.10.A.FA1,XANH NAVY SO 21.03.05.N2,120,350,1W418,,,,2,"30,20","0,00",119373,,,,
159,NPT 01.21,NPT F03 - 5MR 2000/001,NHẬT PHÁT,RIB 2X2 CVC30 ECO + E70,21.04.10.A.FA1,XANH NAVY SO 21.03.05.N2,120,350,1W419,,,,2,"30,20","0,00",119373,,,,
160,NPT 01.21,NPT F03 - 5MR 2000/001,NHẬT PHÁT,RIB 2X2 CVC30 ECO + E70,21.04.10.A.FA1,XANH NAVY SO 21.03.05.N2,120,350,1W666,,,,2,"30,40","0,00",119373,,,,
161,NPT 01.21,NPT F03 - 5MR 2000/001,NHẬT PHÁT,RIB 2X2 CVC30 ECO + E70,21.04.10.A.FA1,XANH NAVY SO 21.03.05.N2,120,350,1W667,,,,2,"30,30","0,00",119373,,,,
162,NPT 01.21,NPT F03 - 5MR 2000/001,NHẬT PHÁT,RIB 2X2 CVC30 ECO + E70,21.04.10.A.FA1,XANH NAVY SO 21.03.05.N2,120,350,1W422,,,,2,"30,70","0,00",119373,,,,
163,NPT 01.21,NPT F03 - 5MR 2000/001,NHẬT PHÁT,RIB 2X2 CVC30 ECO + E70,21.04.10.A.FA1,XANH NAVY SO 21.03.05.N2,120,350,1W423,,,,2,"30,60","0,00",119373,,,,
164,NPT 01.21,NPT F03 - 5MR 2000/001,NHẬT PHÁT,RIB 2X2 CVC30 ECO + E70,21.04.10.A.FA1,XANH NAVY SO 21.03.05.N2,120,350,1W424,,,,2,"29,90","0,00",119373,,,,
165,NPT 01.21,NPT F03 - 5MR 2000/001,NHẬT PHÁT,RIB 2X2 CVC30 ECO + E70,21.04.10.A.FA1,XANH NAVY SO 21.03.05.N2,120,350,1W425,,,,2,"30,90","0,00",119373,,,,
166,NPT 01.21,NPT F03 - 5MR 2000/001,NHẬT PHÁT,RIB 2X2 CVC30 ECO + E70,21.04.10.A.FA1,XANH NAVY SO 21.03.05.N2,120,350,1W426,,,,2,"30,20","0,00",119373,,,,
167,NPT 01.21,NPT F03 - 5MR 2000/001,NHẬT PHÁT,RIB 2X2 CVC30 ECO + E70,21.04.10.A.FA1,XANH NAVY SO 21.03.05.N2,120,350,1W427,,,,2,"30,40","0,00",119373,,,,
168,NPT 01.21,NPT F03 - 5MR 2000/001,NHẬT PHÁT,RIB 2X2 CVC30 ECO + E70,21.03.05.W1,TRẮNG,120,350,1W319,,,,2,"40,20","0,00",119373,,,,
169,NPT 01.21,NPT F03 - 5MR 2000/001,NHẬT PHÁT,RIB 2X2 CVC30 ECO + E70,21.03.05.W1,TRẮNG,120,350,1W320,,,,2,"40,20","0,00",119373,,,,
170,NPT 01.21,NPT F03 - 5MR 2000/001,NHẬT PHÁT,RIB 2X2 CVC30 ECO + E70,21.03.05.W1,TRẮNG,120,350,1W321,,,,2,"39,90","0,00",119373,,,,
171,NPT 01.21,NPT F03 - 5MR 2000/001,NHẬT PHÁT,RIB 2X2 CVC30 ECO + E70,21.03.05.W1,TRẮNG,120,350,1W315,,,,3,"60,10","0,00",119373,,,,
172,NPT 01.21,NPT F03 - 5MR 2000/001,NHẬT PHÁT,RIB 2X2 CVC30 ECO + E70,21.03.05.W1,TRẮNG,120,350,1W316,,,,3,"59,90","0,00",119373,,,,
173,NPT 01.21,NPT F03 - 5MR 2000/001,NHẬT PHÁT,RIB 2X2 CVC30 ECO + E70,21.03.05.W1,TRẮNG,120,350,1W317,,,,3,"60,60","0,00",119373,,,,
174,NPT 01.21,NPT F03 - 5MR 2000/001,NHẬT PHÁT,RIB 2X2 CVC30 ECO + E70,21.03.05.W1,TRẮNG,120,350,1W318,,,,3,"60,30","0,00",119373,,,,
175,NPT 01.21,NPT F03 - 5MR 2000/001,NHẬT PHÁT,RIB 2X2 CVC30 ECO + E70,21.04.08.E.FA1,BE SO 21.03.05.H1,120,350,1W322,,,,2,"40,40","0,00",119373,,,,
176,NPT 01.21,NPT F03 - 5MR 2000/001,NHẬT PHÁT,RIB 2X2 CVC30 ECO + E70,21.04.08.E.FA1,BE SO 21.03.05.H1,120,350,1W323,,,,2,"40,30","0,00",119373,,,,
177,NPT 01.21,NPT F03 - 5MR 2000/001,NHẬT PHÁT,RIB 2X2 CVC30 ECO + E70,21.04.08.E.FA1,BE SO 21.03.05.H1,120,350,1W324,,,,2,"40,30","0,00",119373,,,,
178,NPT 01.21,NPT F03 - 5MR 2000/001,NHẬT PHÁT,RIB 2X2 CVC30 ECO + E70,21.04.08.E.FA1,BE SO 21.03.05.H1,120,350,1W325,,,,2,"40,40","0,00",119373,,,,
179,NPT 01.21,NPT F03 - 5MR 2000/001,NHẬT PHÁT,RIB 2X2 CVC30 ECO + E70,21.04.08.E.FA1,BE SO 21.03.05.H1,120,350,1W326,,,,2,"40,10","0,00",119373,,,,
180,NPT 01.21,NPT F03 - 5MR 2000/001,NHẬT PHÁT,RIB 2X2 CVC30 ECO + E70,21.04.08.E.FA1,BE SO 21.03.05.H1,120,350,1W348,,,,4,"76,60","0,00",119373,,,,
181,NPT 01.21,NPT F03 - 5MR 2000/001,NHẬT PHÁT,RIB 2X2 CVC30 ECO + E70,21.04.08.E.FA1,BE SO 21.03.05.H1,120,350,1W349,,,,4,"80,20","0,00",119373,,,,
182,NPT 01.21,NPT F03 - 5MR 2000/001,NHẬT PHÁT,RIB 2X2 CVC30 ECO + E70,21.04.08.C.FA1,ĐEN SO 21.03.05.M1,120,350,1W444,,,,2,"41,10","0,00",119373,,,,
183,NPT 01.21,NPT F03 - 5MR 2000/001,NHẬT PHÁT,RIB 2X2 CVC30 ECO + E70,21.04.08.C.FA1,ĐEN SO 21.03.05.M1,120,350,1W445,,,,2,"41,60","0,00",119373,,,,
184,NPT 01.21,NPT F03 - 5MR 2000/001,NHẬT PHÁT,RIB 2X2 CVC30 ECO + E70,21.04.08.C.FA1,ĐEN SO 21.03.05.M1,120,350,1W446,,,,2,"40,70","0,00",119373,,,,
185,NPT 01.21,NPT F03 - 5MR 2000/001,NHẬT PHÁT,RIB 2X2 CVC30 ECO + E70,21.04.12.D.FA1,RÊU SO 21.03.05.N2,120,350,1W436,,,,2,"40,60","0,00",119373,,,,
186,NPT 01.21,NPT F03 - 5MR 2000/001,NHẬT PHÁT,RIB 2X2 CVC30 ECO + E70,21.04.12.D.FA1,RÊU SO 21.03.05.N2,120,350,1W437,,,,3,"51,10","0,00",119373,,,,
187,NPT 01.21,NPT F03 - 5MR 2000/001,NHẬT PHÁT,RIB 2X2 CVC30 ECO + E70,21.04.12.D.FA1,RÊU SO 21.03.05.N2,120,350,1W438,,,,2,"40,40","0,00",119373,,,,
188,NPT 01.21,NPT F03 - 5MR 2000/001,NHẬT PHÁT,RIB 2X2 CVC30 ECO + E70,21.04.12.D.FA1,RÊU SO 21.03.05.N2,120,350,1W439,,,,2,"41,00","0,00",119373,,,,
189,NPT 01.21,NPT F03 - 5MR 2000/001,NHẬT PHÁT,RIB 2X2 CVC30 ECO + E70,21.04.12.D.FA1,RÊU SO 21.03.05.N2,120,350,1W440,,,,2,"41,00","0,00",119373,,,,
190,NPT 01.21,NPT F03 - 5MR 2000/001,NHẬT PHÁT,RIB 2X2 CVC30 ECO + E70,21.04.12.D.FA1,RÊU SO 21.03.05.N2,120,350,1W441,,,,2,"40,10","0,00",119373,,,,
191,NPT 01.21,NPT F03 - 5MR 2000/001,NHẬT PHÁT,RIB 2X2 CVC30 ECO + E70,21.04.12.D.FA1,RÊU SO 21.03.05.N2,120,350,1W442,,,,2,"41,10","0,00",119373,,,,
192,NPT 01.21,NPT F03 - 5MR 2000/001,NHẬT PHÁT,RIB 2X2 CVC30 ECO + E70,21.04.10.C.FA1,CỔ VỊT SO 21.03.05.P1,120,350,1W362,,,,2,"30,00","0,00",119373,,,,
193,NPT 01.21,NPT F03 - 5MR 2000/001,NHẬT PHÁT,RIB 2X2 CVC30 ECO + E70,21.04.10.C.FA1,CỔ VỊT SO 21.03.05.P1,120,350,1W363,,,,2,"30,30","0,00",119373,,,,
194,NPT 01.21,NPT F03 - 5MR 2000/001,NHẬT PHÁT,RIB 2X2 CVC30 ECO + E70,21.04.10.C.FA1,CỔ VỊT SO 21.03.05.P1,120,350,1W364,,,,2,"30,70","0,00",119373,,,,
195,NPT 01.21,NPT F03 - 5MR 2000/001,NHẬT PHÁT,RIB 2X2 CVC30 ECO + E70,21.04.10.C.FA1,CỔ VỊT SO 21.03.05.P1,120,350,1W365,,,,2,"30,60","0,00",119373,,,,
196,NPT 01.21,NPT F03 - 5MR 2000/001,NHẬT PHÁT,RIB 2X2 CVC30 ECO + E70,21.04.10.C.FA1,CỔ VỊT SO 21.03.05.P1,120,350,1W366,,,,2,"40,10","0,00",119373,,,,
197,NPT 01.21,NPT F03 - 5MR 2000/001,NHẬT PHÁT,RIB 2X2 CVC30 ECO + E70,21.04.10.C.FA1,CỔ VỊT SO 21.03.05.P1,120,350,1W367,,,,2,"30,40","0,00",119373,,,,
198,NPT 01.21,NPT F03 - 5MR 2000/001,NHẬT PHÁT,RIB 2X2 CVC30 ECO + E70,21.04.10.C.FA1,CỔ VỊT SO 21.03.05.P1,120,350,1W368,,,,2,"30,30","0,00",119373,,,,
199,NPT 01.21,NPT F03 - 5MR 2000/001,NHẬT PHÁT,RIB 2X2 CVC30 ECO + E70,21.04.10.C.FA1,CỔ VỊT SO 21.03.05.P1,120,350,1W369,,,,2,"40,60","0,00",119373,,,,
200,NPT 01.21,NPT F03 - 5MR 2000/001,NHẬT PHÁT,RIB 2X2 CVC30 ECO + E70,21.03.05.W1,TRẮNG,120,350,1W283,,,,2,"39,70","0,00",119373,,,,
201,NPT 01.21,NPT F03 - 5MR 2000/001,NHẬT PHÁT,RIB 2X2 CVC30 ECO + E70,21.03.05.W1,TRẮNG,120,350,1W284,,,,2,"40,50","0,00",119373,,,,
202,NPT 01.21,NPT F03 - 5MR 2000/001,NHẬT PHÁT,RIB 2X2 CVC30 ECO + E70,21.03.05.W1,TRẮNG,120,350,1W285,,,,2,"40,90","0,00",119373,,,,
203,NPT 01.21,NPT F03 - 5MR 2000/001,NHẬT PHÁT,RIB 2X2 CVC30 ECO + E70,21.03.05.W1,TRẮNG,120,350,1W286,,,,2,"40,50","0,00",119373,,,,
204,NPT 01.21,NPT F03 - 5MR 2000/001,NHẬT PHÁT,RIB 2X2 CVC30 ECO + E70,21.03.05.W1,TRẮNG,120,350,1W290,,,,2,"40,30","0,00",119373,,,,
205,NPT 01.21,NPT F03 - 5MR 2000/001,NHẬT PHÁT,RIB 2X2 CVC30 ECO + E70,21.03.05.W1,TRẮNG,120,350,1W291,,,,2,"40,50","0,00",119373,,,,
206,NPT 01.21,NPT F03 - 5MR 2000/001,NHẬT PHÁT,RIB 2X2 CVC30 ECO + E70,21.03.05.W1,TRẮNG,120,350,1W292,,,,2,"40,40","0,00",119373,,,,
207,NPT 01.21,NPT F03 - 5MR 2000/001,NHẬT PHÁT,RIB 2X2 CVC30 ECO + E70,21.03.05.W1,TRẮNG,120,350,1W293,,,,2,"40,20","0,00",119373,,,,
208,NPT 01.21,NPT F03 - 5MR 2000/001,NHẬT PHÁT,RIB 2X2 CVC30 ECO + E70,21.03.05.W1,TRẮNG,120,350,1W294,,,,2,"40,20","0,00",119373,,,,
209,NPT 01.21,NPT F03 - 5MR 2000/001,NHẬT PHÁT,RIB 2X2 CVC30 ECO + E70,21.03.05.W1,TRẮNG,120,350,1W295,,,,2,"40,10","0,00",119373,,,,
210,NPT 01.21,NPT F03 - 5MR 2000/001,NHẬT PHÁT,RIB 2X2 CVC30 ECO + E70,21.03.05.W1,TRẮNG,120,350,1W296,,,,2,"39,70","0,00",119373,,,,
211,NPT 01.21,NPT F03 - 5MR 2000/001,NHẬT PHÁT,RIB 2X2 CVC30 ECO + E70,21.03.05.W1,TRẮNG,120,350,1W297,,,,2,"40,10","0,00",119373,,,,
212,NPT 01.21,NPT F03 - 5MR 2000/001,NHẬT PHÁT,RIB 2X2 CVC30 ECO + E70,21.03.05.W1,TRẮNG,120,350,1W298,,,,2,"40,40","0,00",119373,,,,
213,NPT 01.21,NPT F03 - 5MR 2000/001,NHẬT PHÁT,RIB 2X2 CVC30 ECO + E70,21.03.05.W1,TRẮNG,120,350,1W299,,,,2,"40,40","0,00",119373,,,,
214,NPT 01.21,NPT F03 - 5MR 2000/001,NHẬT PHÁT,RIB 2X2 CVC30 ECO + E70,21.03.05.W1,TRẮNG,120,350,1W300,,,,2,"40,30","0,00",119373,,,,
215,NPT 01.21,NPT F03 - 5MR 2000/001,NHẬT PHÁT,RIB 2X2 CVC30 ECO + E70,21.03.05.W1,TRẮNG,120,350,1W301,,,,2,"40,30","0,00",119373,,,,
216,NPT 01.21,NPT F03 - 5MR 2000/001,NHẬT PHÁT,RIB 2X2 CVC30 ECO + E70,21.03.05.W1,TRẮNG,120,350,1W302,,,,2,"40,10","0,00",119373,,,,
217,NPT 01.21,NPT F03 - 5MR 2000/001,NHẬT PHÁT,RIB 2X2 CVC30 ECO + E70,21.03.05.W1,TRẮNG,120,350,1W303,,,,3,"50,40","0,00",119373,,,,
218,NPT 01.21,NPT F03 - 5MR 2000/001,NHẬT PHÁT,RIB 2X2 CVC30 ECO + E70,21.03.05.W1,TRẮNG,120,350,1W308,,,,3,"60,30","0,00",119373,,,,
219,NPT 01.21,NPT F03 - 5MR 2000/001,NHẬT PHÁT,RIB 2X2 CVC30 ECO + E70,21.03.05.W1,TRẮNG,120,350,1W309,,,,3,"60,10","0,00",119373,,,,
220,NPT 01.21,NPT F03 - 5MR 2000/001,NHẬT PHÁT,RIB 2X2 CVC30 ECO + E70,21.04.08.E.FA1,BE SO 21.03.05.H1,120,350,1W312,,,,3,"60,50","0,00",119373,,,,
221,NPT 01.21,NPT F03 - 5MR 2000/001,NHẬT PHÁT,RIB 2X2 CVC30 ECO + E70,21.04.08.E.FA1,BE SO 21.03.05.H1,120,350,1W313,,,,3,"60,40","0,00",119373,,,,
222,NPT 01.21,NPT F03 - 5MR 2000/001,NHẬT PHÁT,RIB 2X2 CVC30 ECO + E70,21.04.08.E.FA1,BE SO 21.03.05.H1,120,350,1W314,,,,3,"60,10","0,00",119373,,,,
223,NPT 01.21,NPT F03 - 5MR 2000/001,NHẬT PHÁT,RIB 2X2 CVC30 ECO + E70,21.04.08.E.FA1,BE SO 21.03.05.H1,120,350,1W287,,,,2,"41,00","0,00",119373,,,,
224,NPT 01.21,NPT F03 - 5MR 2000/001,NHẬT PHÁT,RIB 2X2 CVC30 ECO + E70,21.04.08.E.FA1,BE SO 21.03.05.H1,120,350,1W288,,,,2,"40,60","0,00",119373,,,,
225,NPT 01.21,NPT F03 - 5MR 2000/001,NHẬT PHÁT,RIB 2X2 CVC30 ECO + E70,21.04.08.E.FA1,BE SO 21.03.05.H1,120,350,1W289,,,,2,"39,30","0,00",119373,,,,
226,NPT 02.21,NPT F06 - 5MR 1172/085,NHẬT PHÁT,RIB 1X1 COP26 ECO + E20,21.04.26.B1,ĐEN SO 19.04.25.F,165,280,1W803,,,,1,"15,40","0,00",126198,,,,
227,NPT 02.21,NPT F06 - 5MR 1172/085,NHẬT PHÁT,RIB 1X1 COP26 ECO + E20,21.04.26.B1,ĐEN SO 19.04.25.F,165,280,1W804,,,,1,"15,20","0,00",126198,,,,
228,NPT 02.21,NPT F06 - 5MS 1129/076,NHẬT PHÁT,SINGLE COP20 ECO,21.04.26.B1,ĐEN SO 19.04.25.F,190,205~210,1W799,,,,9,"177,60","0,00",106915,,,,
229,ONF 12.21 - S1MKL0119350,ONF 411 - 5MB 1183/023,ONOFF,BO CỔ COP40//4 SUPIMA + E30,21.04.22.A1.1,RIO RED-SRR03 SO 20.12.23.G2,41 * 8.5,26,1W693,,,,1,"6,90","0,00",233430,,,,
230,ONF 12.21 - S1MKL0119350,ONF 411 - 5MB 1183/023,ONOFF,BO CỔ COP40//4 SUPIMA + E30,21.04.22.A1.1,RIO RED-SRR03 SO 20.12.23.G2,41 * 8.5,26,1W694,,,,1,"6,20","0,00",233430,,,,
231,ONF 12.21 - S1MKL0119350,ONF 411 - 5MB 1183/023,ONOFF,BO CỔ COP40//4 SUPIMA + E30,21.04.22.A1.1,RIO RED-SRR03 SO 20.12.23.G2,41 * 8.5,26,1W695,,,,1,"6,20","0,00",233430,,,,
232,ONF 12.21 - S1MKL0119350,ONF 411 - 5MB 1183/023,ONOFF,BO CỔ COP40//4 SUPIMA + E30,21.04.22.A1.1,RIO RED-SRR03 SO 20.12.23.G2,41 * 8.5,26,1W696,,,,1,"7,10","0,00",233430,,,,
233,ONF 12.21 - S1MKL0119350,ONF 411 - 5MB 1183/023,ONOFF,BO CỔ COP40//4 SUPIMA + E30,21.04.22.F1.1,MOROCCAN BLUE - SBB15 SO 21.03.01.H1,41 * 8.5,26,1W692,,,,1,"6,20","0,00",233430,,,,
234,ONF 12.21 - S1MKL0119350,ONF 411 - 5MB 1183/023,ONOFF,BO CỔ COP40//4 SUPIMA + E30,21.04.22.E1.1,ANTIQUE BRONZE-SGG26 SO21.03.02.F1,41 * 8.5,26,1W687,,,,1,"7,70","0,00",233430,,,,
235,ONF 12.21 - S1MKL0119350,ONF 411 - 5MB 1183/023,ONOFF,BO CỔ COP40//4 SUPIMA + E30,21.04.22.E1.1,ANTIQUE BRONZE-SGG26 SO21.03.02.F1,41 * 8.5,26,1W688,,,,1,"7,70","0,00",233430,,,,
236,ONF 12.21 - S1MKL0119350,ONF 411 - 5MB 1183/023,ONOFF,BO CỔ COP40//4 SUPIMA + E30,21.04.22.B1.1,PIRATE BLACK SO 21.03.11.U2,41 * 8.5,26,1W697,,,,1,"8,60","0,00",233430,,,,
237,ONF 12.21 - S1MKL0119350,ONF 411 - 5MB 1183/023,ONOFF,BO CỔ COP40//4 SUPIMA + E30,21.04.22.B1.1,PIRATE BLACK SO 21.03.11.U2,41 * 8.5,26,1W698,,,,1,"8,60","0,00",233430,,,,
238,ONF 12.21 - S1MKL0119350,ONF 411 - 5MB 1183/024,ONOFF,BO CỔ COP40//4 SUPIMA + E30,21.04.22.A1.1,RIO RED-SRR03 SO 20.12.23.G2,43* 8.5,26,1W705,,,,1,"8,40","0,00",233430,,,,
239,ONF 12.21 - S1MKL0119350,ONF 411 - 5MB 1183/024,ONOFF,BO CỔ COP40//4 SUPIMA + E30,21.04.22.A1.1,RIO RED-SRR03 SO 20.12.23.G2,43* 8.5,26,1W706,,,,1,"8,10","0,00",233430,,,,
240,ONF 12.21 - S1MKL0119350,ONF 411 - 5MB 1183/024,ONOFF,BO CỔ COP40//4 SUPIMA + E30,21.04.22.A1.1,RIO RED-SRR03 SO 20.12.23.G2,43* 8.5,26,1W707,,,,1,"8,40","0,00",233430,,,,
241,ONF 12.21 - S1MKL0119350,ONF 411 - 5MB 1183/024,ONOFF,BO CỔ COP40//4 SUPIMA + E30,21.04.22.A1.1,RIO RED-SRR03 SO 20.12.23.G2,43* 8.5,26,1W708,,,,1,"8,30","0,00",233430,,,,
242,ONF 12.21 - S1MKL0119350,ONF 411 - 5MB 1183/024,ONOFF,BO CỔ COP40//4 SUPIMA + E30,21.04.22.F1.1,MOROCCAN BLUE - SBB15 SO 21.03.01.H1,43* 8.5,26,1W703,,,,1,"8,20","0,00",233430,,,,
243,ONF 12.21 - S1MKL0119350,ONF 411 - 5MB 1183/024,ONOFF,BO CỔ COP40//4 SUPIMA + E30,21.04.22.F1.1,MOROCCAN BLUE - SBB15 SO 21.03.01.H1,43* 8.5,26,1W704,,,,1,"8,20","0,00",233430,,,,
244,ONF 12.21 - S1MKL0119350,ONF 411 - 5MB 1183/024,ONOFF,BO CỔ COP40//4 SUPIMA + E30,21.04.22.E1.1,ANTIQUE BRONZE-SGG26 SO21.03.02.F1,43* 8.5,26,1W699,,,,1,"10,20","0,00",233430,,,,
245,ONF 12.21 - S1MKL0119350,ONF 411 - 5MB 1183/024,ONOFF,BO CỔ COP40//4 SUPIMA + E30,21.04.22.E1.1,ANTIQUE BRONZE-SGG26 SO21.03.02.F1,43* 8.5,26,1W700,,,,1,"10,40","0,00",233430,,,,
246,ONF 12.21 - S1MKL0119350,ONF 411 - 5MB 1183/024,ONOFF,BO CỔ COP40//4 SUPIMA + E30,21.04.22.B1.1,PIRATE BLACK SO 21.03.11.U2,43* 8.5,26,1W709,,,,1,"10,10","0,00",233430,,,,
247,ONF 12.21 - S1MKL0119350,ONF 411 - 5MB 1183/024,ONOFF,BO CỔ COP40//4 SUPIMA + E30,21.04.22.B1.1,PIRATE BLACK SO 21.03.11.U2,43* 8.5,26,1W710,,,,1,"10,00","0,00",233430,,,,
248,ONF 12.21 - S1MKL0119350,ONF 411 - 5MB 1183/025,ONOFF,BO TAY COP40//4 SUPIMA + E30,21.04.22.A1.1,RIO RED-SRR03 SO 20.12.23.G2,32 * 3,26,1W717,,,,1,"3,70","0,00",233430,,,,
249,ONF 12.21 - S1MKL0119350,ONF 411 - 5MB 1183/025,ONOFF,BO TAY COP40//4 SUPIMA + E30,21.04.22.A1.1,RIO RED-SRR03 SO 20.12.23.G2,32 * 3,26,1W718,,,,1,"4,00","0,00",233430,,,,
250,ONF 12.21 - S1MKL0119350,ONF 411 - 5MB 1183/025,ONOFF,BO TAY COP40//4 SUPIMA + E30,21.04.22.A1.1,RIO RED-SRR03 SO 20.12.23.G2,32 * 3,26,1W719,,,,1,"3,90","0,00",233430,,,,
251,ONF 12.21 - S1MKL0119350,ONF 411 - 5MB 1183/025,ONOFF,BO TAY COP40//4 SUPIMA + E30,21.04.22.A1.1,RIO RED-SRR03 SO 20.12.23.G2,32 * 3,26,1W720,,,,1,"4,30","0,00",233430,,,,
252,ONF 12.21 - S1MKL0119350,ONF 411 - 5MB 1183/025,ONOFF,BO TAY COP40//4 SUPIMA + E30,21.04.22.F1.1,MOROCCAN BLUE - SBB15 SO 21.03.01.H1,32 * 3,26,1W716,,,,1,"3,90","0,00",233430,,,,
253,ONF 12.21 - S1MKL0119350,ONF 411 - 5MB 1183/025,ONOFF,BO TAY COP40//4 SUPIMA + E30,21.04.22.E1.1,ANTIQUE BRONZE-SGG26 SO21.03.02.F1,32 * 3,26,1W711,,,,1,"4,70","0,00",233430,,,,
254,ONF 12.21 - S1MKL0119350,ONF 411 - 5MB 1183/025,ONOFF,BO TAY COP40//4 SUPIMA + E30,21.04.22.E1.1,ANTIQUE BRONZE-SGG26 SO21.03.02.F1,32 * 3,26,1W712,,,,1,"4,70","0,00",233430,,,,
255,ONF 12.21 - S1MKL0119350,ONF 411 - 5MB 1183/025,ONOFF,BO TAY COP40//4 SUPIMA + E30,21.04.22.B1.1,PIRATE BLACK SO 21.03.11.U2,32 * 3,26,1W721,,,,1,"5,30","0,00",233430,,,,
256,ONF 12.21 - S1MKL0119350,ONF 411 - 5MB 1183/025,ONOFF,BO TAY COP40//4 SUPIMA + E30,21.04.22.B1.1,PIRATE BLACK SO 21.03.11.U2,32 * 3,26,1W722,,,,1,"5,60","0,00",233430,,,,
257,ONF 12.21 - S1MKL0119350,ONF 411 - 5MB 1183/026,ONOFF,BO TAY COP40//4 SUPIMA + E30,21.04.22.A1.1,RIO RED-SRR03 SO 20.12.23.G2,35* 3,26,1W729,,,,1,"5,60","0,00",233430,,,,
258,ONF 12.21 - S1MKL0119350,ONF 411 - 5MB 1183/026,ONOFF,BO TAY COP40//4 SUPIMA + E30,21.04.22.A1.1,RIO RED-SRR03 SO 20.12.23.G2,35* 3,26,1W730,,,,1,"5,60","0,00",233430,,,,
259,ONF 12.21 - S1MKL0119350,ONF 411 - 5MB 1183/026,ONOFF,BO TAY COP40//4 SUPIMA + E30,21.04.22.A1.1,RIO RED-SRR03 SO 20.12.23.G2,35* 3,26,1W731,,,,1,"5,40","0,00",233430,,,,
260,ONF 12.21 - S1MKL0119350,ONF 411 - 5MB 1183/026,ONOFF,BO TAY COP40//4 SUPIMA + E30,21.04.22.A1.1,RIO RED-SRR03 SO 20.12.23.G2,35* 3,26,1W732,,,,1,"5,70","0,00",233430,,,,
261,ONF 12.21 - S1MKL0119350,ONF 411 - 5MB 1183/026,ONOFF,BO TAY COP40//4 SUPIMA + E30,21.04.22.F1.1,MOROCCAN BLUE - SBB15 SO 21.03.01.H1,35* 3,26,1W727,,,,1,"5,50","0,00",233430,,,,
262,ONF 12.21 - S1MKL0119350,ONF 411 - 5MB 1183/026,ONOFF,BO TAY COP40//4 SUPIMA + E30,21.04.22.F1.1,MOROCCAN BLUE - SBB15 SO 21.03.01.H1,35* 3,26,1W728,,,,1,"5,80","0,00",233430,,,,
263,ONF 12.21 - S1MKL0119350,ONF 411 - 5MB 1183/026,ONOFF,BO TAY COP40//4 SUPIMA + E30,21.04.22.E1.1,ANTIQUE BRONZE-SGG26 SO21.03.02.F1,35* 3,26,1W723,,,,1,"7,20","0,00",233430,,,,
264,ONF 12.21 - S1MKL0119350,ONF 411 - 5MB 1183/026,ONOFF,BO TAY COP40//4 SUPIMA + E30,21.04.22.E1.1,ANTIQUE BRONZE-SGG26 SO21.03.02.F1,35* 3,26,1W724,,,,1,"7,00","0,00",233430,,,,
265,ONF 12.21 - S1MKL0119350,ONF 411 - 5MB 1183/026,ONOFF,BO TAY COP40//4 SUPIMA + E30,21.04.22.B1.1,PIRATE BLACK SO 21.03.11.U2,35* 3,26,1W733,,,,1,"7,00","0,00",233430,,,,
266,ONF 12.21 - S1MKL0119350,ONF 411 - 5MB 1183/026,ONOFF,BO TAY COP40//4 SUPIMA + E30,21.04.22.B1.1,PIRATE BLACK SO 21.03.11.U2,35* 3,26,1W734,,,,1,"7,60","0,00",233430,,,,
267,ONF 12.21 - S1MKL0119350,ONF 411 - 5MP 1065/082,ONOFF,PIQUE COP40 SUPIMA + E30,21.04.22.E1.1,ANTIQUE BRONZE-SGG26 SO21.03.02.F1,190,210,1W675,,,,8,"161,60","0,00",170075,,,,
268,ONF 12.21 - S1MKL0119350,ONF 411 - 5MP 1065/082,ONOFF,PIQUE COP40 SUPIMA + E30,21.04.22.B1.1,PIRATE BLACK SO 21.03.11.U2,190,210,1W685,,,,8,"162,10","0,00",170075,,,,
269,ONF 12.21 - S1MKL0119350,ONF 411 - 5MP 1065/082,ONOFF,PIQUE COP40 SUPIMA + E30,21.04.22.B1.1,PIRATE BLACK SO 21.03.11.U2,190,210,1W686,,,,8,"162,10","0,00",170075,,,,
270,QHG 06.21,QHG 155-NÐH 175,QUẾ HƯƠNG,ĐIỂM VISCO-160,13.06.20.G1,BIỂN SO 09.03.05.H2,160,70,1X916,,,,7,"153,90","786,00",0,,,,
271,QHG 06.21,QHG 155-NÐH 175,QUẾ HƯƠNG,ĐIỂM VISCO-160,13.06.20.G1,BIỂN SO 09.03.05.H2,160,70,1X917,,,,6,"156,90","802,00",0,,,,
272,QHG 06.21,QHG 155-NÐH 175,QUẾ HƯƠNG,ĐIỂM VISCO-160,14.04.19.E1,CỎ ÚA,160,70,1X898,,,,6,"145,30","738,00",0,,,,
273,QHG 06.21,QHG 155-NÐH 175,QUẾ HƯƠNG,ĐIỂM VISCO-160,14.12.25.K1,DÂU ĐẬM,160,70,1X893,,,,5,"156,20","797,00",0,,,,
274,QHG 06.21,QHG 155-NÐH 175,QUẾ HƯƠNG,ĐIỂM VISCO-160,14.12.25.K1,DÂU ĐẬM,160,70,1X894,,,,6,"158,70","810,00",0,,,,
275,QHG 06.21,QHG 155-NÐH 175,QUẾ HƯƠNG,ĐIỂM VISCO-160,15.01.03.L1,ĐÔ ĐẬM SO 10.12.11.C3,160,70,1X913,,,,5,"154,60","784,00",0,,,,
276,QHG 06.21,QHG 155-NÐH 175,QUẾ HƯƠNG,ĐIỂM VISCO-160,18.04.17.A1,CẢI SO 15.01.05.L1,160,70,1X918,,,,4,"155,40","802,00",0,,,,
277,QHG 06.21,QHG 155-NÐH 175,QUẾ HƯƠNG,ĐIỂM VISCO-160,16.01.08.C1,SEN TƯƠI MỚI,160,70,1X903,,,,6,"153,90","781,00",0,,,,
278,QHG 06.21,QHG 155-NÐH 175,QUẾ HƯƠNG,ĐIỂM VISCO-160,16.01.08.C1,SEN TƯƠI MỚI,160,70,1X904,,,,6,"156,20","781,00",0,,,,
279,QHG 02.21,QHG 157 - VTH 175,QUẾ HƯƠNG,ĐIỂM VISCO - 160,,,160,70,1X474,,,,6,"167,30","825,00",0,,,,
280,QHG 02.21,QHG 157 - VTH 175,QUẾ HƯƠNG,ĐIỂM VISCO - 160,16.11.15.R1,ĐEN SO 10.06.22.R1,160,70,1V183,,,,7,"161,00","784,00",0,,Mẻ cũ 1X473 màu NGỌC LỢT bị vết màu --> Bị nhiễm / nhiễu nước trục ban (DECA) --> Chuyển đen,,
281,QHG 02.21,QHG 157 - VTH 175,QUẾ HƯƠNG,ĐIỂM VISCO - 160,,,160,70,1X475,,,,7,"162,40","808,00",0,,,,
282,QHG 07.21,QHG 158,QUE HUONG,"ĐIỂM VISCO 1,45",,,145,70 GƯƠNG,1W817,,,,6,"141,50","763,00",0,,,,
283,QHG 07.21,QHG 158,QUE HUONG,"ĐIỂM VISCO 1,45",,,145,70 GƯƠNG,1W816,,,,6,"167,30","904,00",0,,,,
-,CÔNG ĐOẠN: CANTCN2 - 32 MẺ,,,,,,,,,,,,,,,,,,,
284,BAB 02.21,BAB 403 - 5MR 1172/085,BAB,RIB 1X1 COP26 ECO + E20,,,165,280,1V185,CANTCN2,31,,1,"14,60","0,00",126198,,Mẻ cũ 1W514 bị loang & bạc biên --> Phá màu & nhuộm lại,,
285,BOO 08.21,BOO 365 - 5MR 1172/048,BOO,RIB 1X1 COP26 ECO + E20,20.12.26.B1,ĐEN SO 19.04.25.F1,165,280,1X300,CANTCN2,31,,1,"15,10","0,00",111801,,,,
286,BOO 08.21,BOO 365 - 5MR 1172/048,BOO,RIB 1X1 COP26 ECO + E20,21.03.04.E1.1,CAM ORANGE TIGER SO 20.12.18.B1,165,280,1X385,CANTCN2,31,,1,"15,40","0,00",111801,,,,
287,BOO 08.21,BOO 365 - 5MR 1172/048,BOO,RIB 1X1 COP26 ECO + E20,21.03.04.E1.1,CAM ORANGE TIGER SO 20.12.18.B1,165,280,1X386,CANTCN2,31,,1,"15,40","0,00",111801,,,,
288,BOO 08.21,BOO 365 - 5MS 0680/047,BOO,SINGLE COP26 ECO,20.12.26.B1,ĐEN SO 19.04.25.F1,180,180,1X287,CANTCN2,31,,9,"181,20","0,00",97385,,,,
289,BOO 08.21,BOO 365 - 5MS 0680/047,BOO,SINGLE COP26 ECO,21.03.04.E1.1,CAM ORANGE TIGER SO 20.12.18.B1,180,180,1X377,CANTCN2,31,,9,"182,60","0,00",97385,,,,
290,BOO 08.21,BOO 365 - 5MS 0680/047,BOO,SINGLE COP26 ECO,21.03.04.E1.1,CAM ORANGE TIGER SO 20.12.18.B1,180,180,1X378,CANTCN2,31,,9,"178,60","0,00",97385,,,,
291,HDG 01.21,HDG 404 - 5MS 0836/002,CANIFA,SINGLE COP30 ECO,21.04.17.L1.1,XANH NGỌC ĐẬM SO 20.11.30.C1,185,160,1W779,CANTCN2,97,,10,"203,10","0,00",117080,,,,
292,HGG 06.21,HGG 398 - 5MR 1172/085,HOÀNG GIA,RIB 1X1 COP26 ECO + E20,21.04.09.B1.1,BLUE-SB060 SO 20.12.02.B1,165,280,1W618,CANTCN2,31,,1,"15,30","0,00",126198,,,,
293,HGG 06.21,HGG 398 - 5MR 1172/085,HOÀNG GIA,RIB 1X1 COP26 ECO + E20,21.04.09.B1.1,BLUE-SB060 SO 20.12.02.B1,165,280,1W617,CANTCN2,97,,1,"15,20","0,00",126198,,,,
294,HGG 06.21,HGG 398 - 5MS 0836/001,HOÀNG GIA,SINGLE COP30 ECO,21.04.09.B1.1,BLUE-SB060 SO 20.12.02.B1,185,160,1W583,CANTCN2,31,,4,"80,80","0,00",117080,,,,
295,HGG 06.21,HGG 398 - 5MS 0836/002,HOÀNG GIA,SINGLE COP30 ECO,21.04.09.B1.1,BLUE-SB060 SO 20.12.02.B1,185,160,1W591,CANTCN2,31,,8,"162,30","0,00",117080,,,,
296,HGG 06.21,HGG 398 - 5MS 0836/002,HOÀNG GIA,SINGLE COP30 ECO,21.04.09.B1.1,BLUE-SB060 SO 20.12.02.B1,185,160,1W590,CANTCN2,31,,4,"80,60","0,00",117080,,,,
297,HGG 06.21,HGG 398 - 5MS 0836/002,HOÀNG GIA,SINGLE COP30 ECO,21.04.09.B1.1,BLUE-SB060 SO 20.12.02.B1,185,160,1W589,CANTCN2,97,,8,"150,30","0,00",117080,,,,
298,HGG 07.21,HGG 399 - 5MB 0002/001,HOÀNG GIA,BO CỔ CVC40//5+E30,21.04.08.A1.FA2,ĐEN,43*8.5,-,1W478,CANTCN2,31,,1,"5,40","0,00",154377,,,,
299,HGG 07.21,HGG 399 - 5MB 0002/002,HOÀNG GIA,BO CỔ CVC40//5 + E30,21.04.08.A1.FA2,ĐEN,45*8.5,-,1W481,CANTCN2,31,,1,"14,80","0,00",154377,,,,
300,HGG 07.21,HGG 399 - 5MB 0002/003,HOÀNG GIA,BO TAY CVC40//5 + E30,21.04.08.A1.FA2,ĐEN,36*2.8,-,1W484,CANTCN2,31,,1,"14,40","0,00",154377,,,,
301,HGG 07.21,HGG 399 - 5MP 0001/001,HOÀNG GIA,PIQUE CVC40 + E30,21.04.08.A1.FA2,ĐEN,190,220,1V007,CANTCN2,31,,8,"163,40","0,00",102112,,Mẻ cũ 1W473 màu TRẮNG bị dính đốm vàng. Xử lý giặt PTN không hết --> Chuyển đen trong cùng đơn hàng --> Thay đổi mã màu của mẻ 1W475 để làm bù màu TRẮNG,,
302,NPT 01.21,NPT F03 - 5MF 1112/003,NHẬT PHÁT,FRENCH TERRY CVC30 ECO + CVC30 ECO + E20,21.04.08.E.FA1,BE SO 21.03.05.H1,180,250,1W115,CANTCN2,97,,7,"141,90","0,00",101800,,,,
303,NPT 01.21,NPT F03 - 5MR 2000/001,NHẬT PHÁT,RIB 2X2 CVC30 ECO + E70,21.04.08.E.FA1,BE SO 21.03.05.H1,120,350,1W311,CANTCN2,97,,3,"60,10","0,00",119373,,,,
304,ONF 12.21 - S1MKL0119350,ONF 411 - 5MB 1183/023,ONOFF,BO CỔ COP40//4 SUPIMA + E30,21.04.22.F1.1,MOROCCAN BLUE - SBB15 SO 21.03.01.H1,41 * 8.5,26,1W689,CANTCN2,1,,1,"6,60","0,00",233430,,,,
305,ONF 12.21 - S1MKL0119350,ONF 411 - 5MB 1183/023,ONOFF,BO CỔ COP40//4 SUPIMA + E30,21.04.22.F1.1,MOROCCAN BLUE - SBB15 SO 21.03.01.H1,41 * 8.5,26,1W690,CANTCN2,1,,1,"6,20","0,00",233430,,,,
306,ONF 12.21 - S1MKL0119350,ONF 411 - 5MB 1183/024,ONOFF,BO CỔ COP40//4 SUPIMA + E30,21.04.22.F1.1,MOROCCAN BLUE - SBB15 SO 21.03.01.H1,43* 8.5,26,1W701,CANTCN2,1,,1,"8,20","0,00",233430,,,,
307,ONF 12.21 - S1MKL0119350,ONF 411 - 5MB 1183/024,ONOFF,BO CỔ COP40//4 SUPIMA + E30,21.04.22.F1.1,MOROCCAN BLUE - SBB15 SO 21.03.01.H1,43* 8.5,26,1W702,CANTCN2,1,,1,"8,30","0,00",233430,,,,
308,ONF 12.21 - S1MKL0119350,ONF 411 - 5MB 1183/025,ONOFF,BO TAY COP40//4 SUPIMA + E30,21.04.22.F1.1,MOROCCAN BLUE - SBB15 SO 21.03.01.H1,32 * 3,26,1W713,CANTCN2,1,,1,"4,00","0,00",233430,,,,
309,ONF 12.21 - S1MKL0119350,ONF 411 - 5MB 1183/025,ONOFF,BO TAY COP40//4 SUPIMA + E30,21.04.22.F1.1,MOROCCAN BLUE - SBB15 SO 21.03.01.H1,32 * 3,26,1W714,CANTCN2,1,,1,"4,40","0,00",233430,,,,
310,ONF 12.21 - S1MKL0119350,ONF 411 - 5MB 1183/026,ONOFF,BO TAY COP40//4 SUPIMA + E30,21.04.22.F1.1,MOROCCAN BLUE - SBB15 SO 21.03.01.H1,35* 3,26,1W725,CANTCN2,1,,1,"5,60","0,00",233430,,,,
311,ONF 12.21 - S1MKL0119350,ONF 411 - 5MB 1183/026,ONOFF,BO TAY COP40//4 SUPIMA + E30,21.04.22.F1.1,MOROCCAN BLUE - SBB15 SO 21.03.01.H1,35* 3,26,1W726,CANTCN2,1,,1,"5,80","0,00",233430,,,,
312,ONF 12.21 - S1MKL0119350,ONF 411 - 5MP 1065/018,ONOFF,PIQUE COP40 SUPIMA + E30,21.04.22.F1.1,MOROCCAN BLUE - SBB15 SO 21.03.01.H1,190,210,1W676,CANTCN2,1,,4,"71,20","0,00",170323,,,,
313,ONF 12.21 - S1MKL0119350,ONF 411 - 5MP 1065/082,ONOFF,PIQUE COP40 SUPIMA + E30,21.04.22.F1.1,MOROCCAN BLUE - SBB15 SO 21.03.01.H1,190,210,1W677,CANTCN2,1,,3,"60,20","0,00",170075,,,,
314,ONF 12.21 - S1MKL0119350,ONF 411 - 5MP 1065/082,ONOFF,PIQUE COP40 SUPIMA + E30,21.04.22.F1.1,MOROCCAN BLUE - SBB15 SO 21.03.01.H1,190,210,1W678,CANTCN2,1,,7,"131,30","0,00",170075,,,,
315,ONF 12.21 - S1MKL0119350,ONF 411 - 5MP 1065/082,ONOFF,PIQUE COP40 SUPIMA + E30,21.04.22.F1.1,MOROCCAN BLUE - SBB15 SO 21.03.01.H1,190,210,1W680,CANTCN2,97,,7,"131,50","0,00",170075,,,,
-,CÔNG ĐOẠN: CANTCNAU - 8 MẺ,,,,,,,,,,,,,,,,,,,
316,IBA 04.21 - PO - NPL/A005/AF,IBA 414 - 5MS 1187/003,IBASIC VIỆT NAM,SINGLE COP50 + E20,21.04.27.D1,ĐEN SO 19.10.01.D2,170,150,1W774,CANTCNAU,31,,10,"197,60","0,00",158096,,,,
317,NPT 01.21,NPT F03 - 5MR 2000/001,NHẬT PHÁT,RIB 2X2 CVC30 ECO + E70,21.03.05.W1,TRẮNG,120,350,1W279,CANTCNAU,535,,2,"39,50","0,00",119373,,,,
318,NPT 01.21,NPT F03 - 5MR 2000/001,NHẬT PHÁT,RIB 2X2 CVC30 ECO + E70,21.03.05.W1,TRẮNG,120,350,1W280,CANTCNAU,535,,2,"40,60","0,00",119373,,,,
319,NPT 01.21,NPT F03 - 5MR 2000/001,NHẬT PHÁT,RIB 2X2 CVC30 ECO + E70,21.03.05.W1,TRẮNG,120,350,1W281,CANTCNAU,535,,2,"40,30","0,00",119373,,,,
320,NPT 01.21,NPT F03 - 5MR 2000/001,NHẬT PHÁT,RIB 2X2 CVC30 ECO + E70,21.03.05.W1,TRẮNG,120,350,1W282,CANTCNAU,535,,2,"39,70","0,00",119373,,,,
321,ONF 10.21 - S1MKS0119346,ONF 400 - 5MS 2001/001,ONOFF,SINGLE COP40 + E22,21.04.12.B1,ĐEN ONOFFF-SKK1 SO 19.05.27.A2,165,145,1W025,CANTCNAU,31,,9,"177,20","0,00",127402,,,,
322,ONF 10.21 - S1MKS0119346,ONF 400 - 5MS 2001/001,ONOFF,SINGLE COP40 + E22,21.02.27.W2,TRẮNG MUJI,165,145,1W751,CANTCNAU,31,,9,"177,80","0,00",127402,,,,
323,ONF 10.21 - S1MKS0119346,ONF 400 - 5MS 2001/001,ONOFF,SINGLE COP40 + E22,21.02.27.W2,TRẮNG MUJI,165,145,1W752,CANTCNAU,31,,9,"181,90","0,00",127402,,,,
-,CÔNG ĐOẠN: DAODAU1 - 1 MẺ,,,,,,,,,,,,,,,,,,,
324,BAB 02.21,BAB 403 - 5MS 0890/001,BAB,SINGLE CO16,,,200,250,1V184,DAODAU1,31,,9,"171,90","0,00",110955,,Mẻ cũ 1W504 bị loang & bạc biên --> Phá màu & nhuộm lại,,
-,CÔNG ĐOẠN: DHSB - 36 MẺ,,,,,,,,,,,,,,,,,,,
325,HDG 03.21,HDG 416 - 5MR 1172/087,CANIFA,RIB 1X1 COP26 ECO + E20,21.04.03.W1,WHITE 001-SW001 11-0601TCX,165,280,1V020,DHSB,31,,2,"20,20","0,00",126128,,,,
326,HDG 03.21,HDG 416 - 5MR 1172/087,CANIFA,RIB 1X1 COP26 ECO + E20,21.04.03.W1,WHITE 001-SW001 11-0601TCX,165,280,1V021,DHSB,31,,2,"20,20","0,00",126128,,,,
327,HDG 03.21,HDG 416 - 5MR 1172/087,CANIFA,RIB 1X1 COP26 ECO + E20,21.04.03.W1,WHITE 001-SW001 11-0601TCX,165,280,1V022,DHSB,31,,2,"20,20","0,00",126128,,,,
328,HDG 03.21,HDG 416 - 5MR 1172/087,CANIFA,RIB 1X1 COP26 ECO + E20,21.04.03.W1,WHITE 001-SW001 11-0601TCX,165,280,1V023,DHSB,31,,1,"10,30","0,00",126128,,,,
329,HDG 03.21,HDG 416 - 5MR 1172/087,CANIFA,RIB 1X1 COP26 ECO + E20,21.04.03.W1,WHITE 001-SW001 11-0601TCX,165,280,1V024,DHSB,31,,2,"20,20","0,00",126128,,,,
330,HDG 03.21,HDG 416 - 5MR 1172/087,CANIFA,RIB 1X1 COP26 ECO + E20,21.04.03.W1,WHITE 001-SW001 11-0601TCX,165,280,1V025,DHSB,31,,1,"10,10","0,00",126128,,,,
331,HDG 03.21,HDG 416 - 5MR 1172/087,CANIFA,RIB 1X1 COP26 ECO + E20,21.04.03.W1,WHITE 001-SW001 11-0601TCX,165,280,1V026,DHSB,31,,1,"10,10","0,00",126128,,,,
332,HDG 03.21,HDG 416 - 5MR 1172/087,CANIFA,RIB 1X1 COP26 ECO + E20,21.04.03.W1,WHITE 001-SW001 11-0601TCX,165,280,1V027,DHSB,31,,1,"10,30","0,00",126128,,,,
333,HDG 03.21,HDG 416 - 5MR 1172/087,CANIFA,RIB 1X1 COP26 ECO + E20,21.04.03.W1,WHITE 001-SW001 11-0601TCX,165,280,1V028,DHSB,31,,1,"10,50","0,00",126128,,,,
334,HDG 03.21,HDG 416 - 5MR 1172/087,CANIFA,RIB 1X1 COP26 ECO + E20,21.04.03.W1,WHITE 001-SW001 11-0601TCX,165,280,1V029,DHSB,31,,1,"10,30","0,00",126128,,,,
335,HDG 03.21,HDG 416 - 5MR 1172/087,CANIFA,RIB 1X1 COP26 ECO + E20,21.04.03.W1,WHITE 001-SW001 11-0601TCX,165,280,1V030,DHSB,31,,1,"10,30","0,00",126128,,,,
336,HDG 03.21,HDG 416 - 5MR 1172/087,CANIFA,RIB 1X1 COP26 ECO + E20,21.04.03.W1,WHITE 001-SW001 11-0601TCX,165,280,1V031,DHSB,31,,1,"10,40","0,00",126128,,,,
337,HGG 09.21,HGG 422 - 5MR 1172/085,HOÀNG GIA,RIB 1X1 COP26 ECO + E20,21.04.03.W1,WHITE 001-SW001 11-0601TCX,165,280,1V064,DHSB,31,,1,"9,40","0,00",126198,,,,
338,HGG 09.21,HGG 422 - 5MR 1172/085,HOÀNG GIA,RIB 1X1 COP26 ECO + E20,21.04.03.W1,WHITE 001-SW001 11-0601TCX,165,280,1V065,DHSB,31,,1,"11,50","0,00",126198,,,,
339,HGG 09.21,HGG 422 - 5MR 1172/085,HOÀNG GIA,RIB 1X1 COP26 ECO + E20,21.04.03.W1,WHITE 001-SW001 11-0601TCX,165,280,1V066,DHSB,31,,1,"15,40","0,00",126198,,,,
340,HGG 09.21,HGG 422 - 5MR 1172/085,HOÀNG GIA,RIB 1X1 COP26 ECO + E20,21.04.03.W1,WHITE 001-SW001 11-0601TCX,165,280,1V067,DHSB,31,,1,"15,20","0,00",126198,,,,
341,HGG 09.21,HGG 422 - 5MR 1172/087,HOÀNG GIA,RIB 1X1 COP26 ECO + E20,,,165,280,1V079,DHSB,31,,1,"18,70","0,00",126128,,,,
342,HGG 09.21,HGG 422 - 5MR 1172/087,HOÀNG GIA,RIB 1X1 COP26 ECO + E20,,,165,280,1V080,DHSB,31,,1,"10,30","0,00",126128,,,,
343,HGG 09.21,HGG 422 - 5MR 1172/087,HOÀNG GIA,RIB 1X1 COP26 ECO + E20,,,165,280,1V068,DHSB,31,,1,"10,20","0,00",126128,,,,
344,HGG 09.21,HGG 422 - 5MR 1172/087,HOÀNG GIA,RIB 1X1 COP26 ECO + E20,,,165,280,1V069,DHSB,31,,2,"15,10","0,00",126128,,,,
345,HGG 09.21,HGG 422 - 5MR 1172/087,HOÀNG GIA,RIB 1X1 COP26 ECO + E20,,,165,280,1V070,DHSB,31,,2,"15,20","0,00",126128,,,,
346,HGG 09.21,HGG 422 - 5MR 1172/087,HOÀNG GIA,RIB 1X1 COP26 ECO + E20,,,165,280,1V075,DHSB,31,,1,"10,10","0,00",126128,,,,
347,HGG 09.21,HGG 422 - 5MR 1172/087,HOÀNG GIA,RIB 1X1 COP26 ECO + E20,,,165,280,1V078,DHSB,31,,1,"10,20","0,00",126128,,,,
348,HGG 09.21,HGG 422 - 5MR 1172/087,HOÀNG GIA,RIB 1X1 COP26 ECO + E20,,,165,280,1V071,DHSB,31,,1,"10,30","0,00",126128,,,,
349,HGG 09.21,HGG 422 - 5MR 1172/087,HOÀNG GIA,RIB 1X1 COP26 ECO + E20,,,165,280,1V072,DHSB,31,,1,"10,20","0,00",126128,,,,
350,HGG 09.21,HGG 422 - 5MR 1172/087,HOÀNG GIA,RIB 1X1 COP26 ECO + E20,,,165,280,1V073,DHSB,31,,1,"10,00","0,00",126128,,,,
351,HGG 09.21,HGG 422 - 5MR 1172/087,HOÀNG GIA,RIB 1X1 COP26 ECO + E20,,,165,280,1V074,DHSB,31,,1,"10,00","0,00",126128,,,,
352,HGG 09.21,HGG 422 - 5MR 1172/088,HOÀNG GIA,RIB 1X1 COP26 ECO + E20,,,165,280,1V076,DHSB,31,,1,"15,80","0,00",116957,,,,
353,HGG 09.21,HGG 422 - 5MR 1172/088,HOÀNG GIA,RIB 1X1 COP26 ECO + E20,,,165,280,1V077,DHSB,31,,1,"15,50","0,00",116957,,,,
354,MAU 04.21,MAU 0406 - 5MT 92003,YODY,SINGLE MD30 + E20,-,-,170,210~220,1W829,DHSB,31,,1,"12,40","0,00",117302,,THAM KHẢO A.HẢI QUI TRÌNH VÀ ĐƠN HỒ,,
355,ONF 10.21 - S1MKS0119346,ONF 400 - 5MS 2001/001,ONOFF,SINGLE COP40 + E22,21.04.12.B1,ĐEN ONOFFF-SKK1 SO 19.05.27.A2,165,145,1W027,DHSB,31,,9,"176,50","0,00",127402,,,,
356,ONF 12.21 - S1MKL0119350,ONF 411 - 5MP 1065/082,ONOFF,PIQUE COP40 SUPIMA + E30,21.04.22.A1.1,RIO RED-SRR03 SO 20.12.23.G2,190,210,1W681,DHSB,222,,7,"132,40","0,00",170075,,,,
357,ONF 12.21 - S1MKL0119350,ONF 411 - 5MP 1065/082,ONOFF,PIQUE COP40 SUPIMA + E30,21.04.22.A1.1,RIO RED-SRR03 SO 20.12.23.G2,190,210,1W682,DHSB,222,,7,"131,80","0,00",170075,,,,
358,ONF 12.21 - S1MKL0119350,ONF 411 - 5MP 1065/082,ONOFF,PIQUE COP40 SUPIMA + E30,21.04.22.A1.1,RIO RED-SRR03 SO 20.12.23.G2,190,210,1W683,DHSB,222,,7,"130,80","0,00",170075,,,,
359,ONF 12.21 - S1MKL0119350,ONF 411 - 5MP 1065/082,ONOFF,PIQUE COP40 SUPIMA + E30,21.04.22.A1.1,RIO RED-SRR03 SO 20.12.23.G2,190,210,1W684,DHSB,222,,7,"131,20","0,00",170075,,,,
360,ONF 12.21 - S1MKL0119350,ONF 411 - 5MP 1065/082,ONOFF,PIQUE COP40 SUPIMA + E30,21.04.22.E1.1,ANTIQUE BRONZE-SGG26 SO21.03.02.F1,190,210,1W674,DHSB,31,,8,"161,60","0,00",170075,,,,
-,CÔNG ĐOẠN: DHTP - 10 MẺ,,,,,,,,,,,,,,,,,,,
361,BAR 01.21,BAR 001,ANH BA RAYON,ĐIỂM 1_1 PEBA50 (50%PE + 50%BA),21.04.26.T2,ĐỎ MẬN,TEST,TEST,1V001,DHTP,31,,9,"185,80","806,00",0,,Mẻ cũ 1W006 màu RUỐC ĐẬM bị loang và hiệu ứng sượt không đạt --> Chuyển màu ĐỎ ĐÔ,,
362,HGG 07.21,HGG 399 - 5MP 0001/001,HOÀNG GIA,PIQUE CVC40 + E30,21.04.08.B2.FA2,NAVY,190,220,1W474,DHTP,31,,8,"160,60","0,00",102112,,,,
363,HHI 01.21,HHI F04 - 5MR 2002/001,HOÀNG HẢI,RIB 1X1 COP40 + E40,21.04.20.A1,ĐEN SO 20.10.22.A1,160,220,1W063,DHTP,31,,1,"6,90","0,00",147967,,,,
364,HHI 01.21,HHI F04 - 5MS 1171/092,HOÀNG HẢI,SINGLE COP40 + E20,21.04.20.A1,ĐEN SO 20.10.22.A1,170,170,1W049,DHTP,31,,9,"180,50","0,00",142502,,,,
365,IBA 04.21 - PO - NPL/A005/AF,IBA 414 - 5MS 1187/003,IBASIC VIỆT NAM,SINGLE COP50 + E20,21.04.27.C1.1,DA BEIGE SO 19.10.01.N1,170,150,1W773,DHTP,1,,10,"200,10","0,00",158096,,,,
366,ONF 10.21 - S1MKS0119346,ONF 400 - 5MS 2001/001,ONOFF,SINGLE COP40 + E22,21.04.12.B1,ĐEN ONOFFF-SKK1 SO 19.05.27.A2,165,145,1W026,DHTP,31,,9,"180,50","0,00",127402,,,,
367,ONF 10.21 - S1MKS0119346,ONF 400 - 5MS 2001/001,ONOFF,SINGLE COP40 + E22,21.02.27.W2,TRẮNG MUJI,165,145,1W744,DHTP,31,,9,"176,10","0,00",127402,,,,
368,ONF 10.21 - S1MKS0119346,ONF 400 - 5MS 2001/001,ONOFF,SINGLE COP40 + E22,21.02.27.W2,TRẮNG MUJI,165,145,1W745,DHTP,31,,9,"179,60","0,00",127402,,,,
369,QHG 02.21,QHG 157 - VTH 175,QUẾ HƯƠNG,ĐIỂM VISCO - 160,14.09.12.B1,NGỌC LỢT SO 12.07.10.C1,160,70,1X472,DHTP,266,,7,"163,90","805,00",0,,,,
370,TTB 04.21,TTB 231,THÁI TUẤN,ĐIỂM RY FILAMENT BÓNG 1.6,16.11.15.R1,ĐEN SO 10.06.22.R1,151,,1W542,DHTP,1,,3,"110,30","444,00",0,,,,
-,CÔNG ĐOẠN: GIATNONG - 5 MẺ,,,,,,,,,,,,,,,,,,,
371,BOO 09.21,BOO 366 - 5MR 1172/050,BOO,RIB 1X1 COP26 ECO + E20,20.12.18.B1.1,CAM ORANGE TIGER SO 20.12.18.B1,165,280,1X071,GIATNONG,1105,,1,"14,90","0,00",111801,,,,
372,BOO 09.21,BOO 366 - 5MR 1172/050,BOO,RIB 1X1 COP26 ECO + E20,20.12.18.B1.1,CAM ORANGE TIGER SO 20.12.18.B1,165,280,1X072,GIATNONG,1105,,1,"14,60","0,00",111801,,,,
373,BOO 09.21,BOO 366 - 5MR 1172/050,BOO,RIB 1X1 COP26 ECO + E20,20.12.18.B1.1,CAM ORANGE TIGER SO 20.12.18.B1,165,280,1X073,GIATNONG,1105,,1,"15,50","0,00",111801,,,,
374,BOO 09.21,BOO 366 - 5MR 1172/050,BOO,RIB 1X1 COP26 ECO + E20,20.12.18.B1.1,CAM ORANGE TIGER SO 20.12.18.B1,165,280,1X074,GIATNONG,1105,,1,"14,80","0,00",111801,,,,
375,BOO 09.21,BOO 366 - 5MR 1172/050,BOO,RIB 1X1 COP26 ECO + E20,20.12.18.B1.1,CAM ORANGE TIGER SO 20.12.18.B1,165,280,1X075,GIATNONG,1105,,1,"14,80","0,00",111801,,,,
-,CÔNG ĐOẠN: SAY - 7 MẺ,,,,,,,,,,,,,,,,,,,
376,BOO 09.21,BOO 366 - 5MS 1129/049,BOO,SINGLE COP20 ECO,20.12.18.B1.1,CAM ORANGE TIGER SO 20.12.18.B1,190,205~210,1Z899,SAY,1,,9,"180,70","0,00",94860,,-,,
377,HDG 01.21,HDG 404 - 5MS 0836/002,CANIFA,SINGLE COP30 ECO,21.04.03.W1,WHITE 001-SW001 11-0601TCX,185,160,1W786,SAY,97,,10,"193,80","0,00",117080,,,,
378,HGG 06.21,HGG 398 - 5MS 0836/002,HOÀNG GIA,SINGLE COP30 ECO,21.04.17.L1.1,XANH NGỌC ĐẬM SO 20.11.30.C1,185,160,1W593,SAY,97,,8,"152,20","0,00",117080,,,,
379,HGG 06.21,HGG 398 - 5MS 0836/002,HOÀNG GIA,SINGLE COP30 ECO,21.04.17.L1.1,XANH NGỌC ĐẬM SO 20.11.30.C1,185,160,1W595,SAY,31,,8,"160,60","0,00",117080,,,,
380,HGG 06.21,HGG 398 - 5MS 0836/002,HOÀNG GIA,SINGLE COP30 ECO,21.04.09.B1.1,BLUE-SB060 SO 20.12.02.B1,185,160,1W588,SAY,31,,8,"149,70","0,00",117080,,,,
381,HGG 09.21,HGG 422 - 5MS 0836/004,HOÀNG GIA,SINGLE COP30 ECO,21.04.03.W1,WHITE 001-SW001 11-0601TCX,185,160,1V035,SAY,31,,8,"160,90","0,00",117080,,,,
382,ONF 12.21 - S1MKL0119350,ONF 411 - 5MP 1065/082,ONOFF,PIQUE COP40 SUPIMA + E30,21.04.22.F1.1,MOROCCAN BLUE - SBB15 SO 21.03.01.H1,190,210,1W679,SAY,31,,7,"127,30","0,00",170075,,,,
-,CÔNG ĐOẠN: WASHUOT - 9 MẺ,,,,,,,,,,,,,,,,,,,
383,BOO 08.21,BOO 365 - 5MS 0680/047,BOO,SINGLE COP26 ECO,21.03.04.E1.1,CAM ORANGE TIGER SO 20.12.18.B1,180,180,1X376,WASHUOT,31,,9,"180,70","0,00",97385,,,,
384,BOO 09.21,BOO 366 - 5MS 1129/049,BOO,SINGLE COP20 ECO,21.04.24.T1,GHI ĐẬM SO 19.10.31.P1,190,205~210,1W811,WASHUOT,266,,9,"183,20","0,00",94860,,Mẻ cũ 1X802 bị sai màu --> Châm màu,,
385,HDG 01.21,HDG 404 - 5MS 0836/002,CANIFA,SINGLE COP30 ECO,21.04.17.F1.1,BLUE 060-SB060 SO 20.12.02.B1,185,160,1W776,WASHUOT,31,,9,"182,80","0,00",117080,,,,
386,HDG 01.21,HDG 404 - 5MS 0836/002,CANIFA,SINGLE COP30 ECO,21.04.17.F1.1,BLUE 060-SB060 SO 20.12.02.B1,185,160,1W777,WASHUOT,31,,9,"182,20","0,00",117080,,,,
387,HDG 01.21,HDG 404 - 5MS 0836/002,CANIFA,SINGLE COP30 ECO,21.04.17.A1.1,RED-SR227 SO 20.12.02.D2,185,160,1W782,WASHUOT,31,,9,"182,50","0,00",117080,,,,
388,HGG 06.21,HGG 398 - 5MS 0836/002,HOÀNG GIA,SINGLE COP30 ECO,21.04.17.L1.1,XANH NGỌC ĐẬM SO 20.11.30.C1,185,160,1W594,WASHUOT,31,,8,"160,60","0,00",117080,,,,
389,HGG 09.21,HGG 422 - 5MS 0836/004,HOÀNG GIA,SINGLE COP30 ECO,21.04.03.W1,WHITE 001-SW001 11-0601TCX,185,160,1V032,WASHUOT,31,,9,"182,00","0,00",117080,,,,
390,HGG 09.21,HGG 422 - 5MS 0836/004,HOÀNG GIA,SINGLE COP30 ECO,21.04.03.W1,WHITE 001-SW001 11-0601TCX,185,160,1V034,WASHUOT,31,,8,"160,40","0,00",117080,,,,
391,HGG 09.21,HGG 422 - 5MS 0836/004,HOÀNG GIA,SINGLE COP30 ECO,21.04.03.W1,WHITE 001-SW001 11-0601TCX,185,160,1V033,WASHUOT,31,,9,"181,70","0,00",117080,,,,
-,CÔNG ĐOẠN: XUATMOC - 3 MẺ,,,,,,,,,,,,,,,,,,,
392,MAU 03.21,CTX - 5MT 91194,COUPLE TX,SINGLE CO16,,,200,250,1X645,XUATMOC,1108,,1,"15,50","0,00",85800,,,,
393,MAU 03.21,CTX - 5MT 91195,COUPLE TX,SINGLE CO16,,,200,250,1X644,XUATMOC,1173,,1,"28,20","0,00",85800,,,,
394,MAU 03.21,MAU - 5MT 91196,360,PIQUE CO40 SLUB + E30,,,190,-,1X757,XUATMOC,1103,,1,"8,80","0,00",116092,,HÀNG CÓ WASH + COMPACT. THAM KHẢO LẠI ANH HẢI,,
-,CÔNG ĐOẠN: XXE1 - 12 MẺ,,,,,,,,,,,,,,,,,,,
395,BOO 09.21,BOO 366 - 5MS 1129/049,BOO,SINGLE COP20 ECO,20.12.18.B1.1,CAM ORANGE TIGER SO 20.12.18.B1,190,205~210,1X804,XXE1,97,,9,"179,90","0,00",94860,,,,
396,HDG 01.21,HDG 404 - 5MS 0836/002,CANIFA,SINGLE COP30 ECO,21.04.17.B1,RED-SR102 SO 20.12.01.D2,185,160,1W780,XXE1,31,,10,"202,10","0,00",117080,,,,
397,HDG 01.21,HDG 404 - 5MS 0836/002,CANIFA,SINGLE COP30 ECO,21.04.17.F1.1,BLUE 060-SB060 SO 20.12.02.B1,185,160,1W775,XXE1,97,,10,"202,50","0,00",117080,,,,
398,HDG 01.21,HDG 404 - 5MS 0836/002,CANIFA,SINGLE COP30 ECO,21.04.17.A1.1,RED-SR227 SO 20.12.02.D2,185,160,1W781,XXE1,97,,9,"182,60","0,00",117080,,,,
399,HDG 01.21,HDG 404 - 5MS 0836/002,CANIFA,SINGLE COP30 ECO,21.04.17.A1.1,RED-SR227 SO 20.12.02.D2,185,160,1W783,XXE1,97,,10,"192,10","0,00",117080,,,,
400,HGG 06.21,HGG 398 - 5MS 0836/002,HOÀNG GIA,SINGLE COP30 ECO,21.04.17.L1.1,XANH NGỌC ĐẬM SO 20.11.30.C1,185,160,1W592,XXE1,97,,8,"160,80","0,00",117080,,,,
401,HHI 01.21,HHI F04 - 5MS 1171/092,HOÀNG HẢI,SINGLE COP40 + E20,21.04.20.B1.1,BLUE SB822 SO 21.02.26.F1,170,170,1W048,XXE1,31,,9,"181,00","0,00",142502,,,,
402,IBA 04.21 - PO - NPL/A005/AF,IBA 414 - 5MS 1187/003,IBASIC VIỆT NAM,SINGLE COP50 + E20,21.04.27.C1.1,DA BEIGE SO 19.10.01.N1,170,150,1W772,XXE1,31,,10,"199,50","0,00",158096,,,,
403,NPT 02.21,NPT F06 - 5MS 1129/076,NHẬT PHÁT,SINGLE COP20 ECO,21.04.24.A1.1,CAFE SO 21.04.21.E1,190,205~210,1W802,XXE1,97,,9,"180,40","0,00",106915,,,,
404,ONF 10.21 - S1MKS0119346,ONF 400 - 5MS 2001/001,ONOFF,SINGLE COP40 + E22,21.02.27.W2,TRẮNG MUJI,165,145,1W742,XXE1,31,,9,"179,50","0,00",127402,,,,
405,ONF 10.21 - S1MKS0119346,ONF 400 - 5MS 2001/001,ONOFF,SINGLE COP40 + E22,21.02.27.W2,TRẮNG MUJI,165,145,1W749,XXE1,31,,9,"181,80","0,00",127402,,,,
406,QHG 06.21,QHG 155-NÐH 175,QUẾ HƯƠNG,ĐIỂM VISCO-160,21.04.27.T1,ĐÔ ĐẬM SO 15.01.03.L1,160,70,1V002,XXE1,31,,6,"143,80","758,00",0,,Mẻ cũ 1X879 màu DÂU bị loang sọc --> Chuyển màu ĐÔ ĐẬM --> Lấy mộc làm bù màu DÂU,,
-,CÔNG ĐOẠN: XXE2 - 2 MẺ,,,,,,,,,,,,,,,,,,,
407,NPT 01.21,NPT F03 - 5MF 1112/003,NHẬT PHÁT,FRENCH TERRY CVC30 ECO + CVC30 ECO + E20,21.04.08.D.FA1,HỒNG SO 21.03.05.G2,180,250,1W215,XXE2,97,,8,"162,30","0,00",101800,,,,
408,NPT 01.21,NPT F03 - 5MR 2000/001,NHẬT PHÁT,RIB 2X2 CVC30 ECO + E70,21.04.08.D.FA1,HỒNG SO 21.03.05.G2,120,350,1W415,XXE2,97,,2,"41,40","0,00",119373,,,,
