-,CÔNG ĐOẠN:  - 333 MẺ,,,,,,,,,,,,,,,,,,,
1,TTB 04.21,TTB 231,THÁI TUẤN,ĐIỂM RY FILAMENT BÓNG 1.6,16.11.15.R1,ĐEN SO 10.06.22.R1,151,,1W541,,,,4,"129,30","521,00",,,,,
2,HDG 01.21,HDG 404 - 5MS 0836/002,CANIFA,SINGLE COP30 ECO,21.04.03.W1,WHITE 001-SW001 11-0601TCX,185,160,1W786,,,,10,"193,80","0,00",,,,,
3,BOO 09.21,BOO 366 - 5MS 1129/049,BOO,SINGLE COP20 ECO,20.12.18.B1.1,CAM ORANGE TIGER SO 20.12.18.B1,190,205~210,1Z930,,,,9,"170,10","0,00",,,-,,
4,BOO 09.21,BOO 366 - 5MS 1129/049,BOO,SINGLE COP20 ECO,20.12.18.B1.1,CAM ORANGE TIGER SO 20.12.18.B1,190,205~210,1Z899,,,,9,"180,70","0,00",,,-,,
5,HDG 03.21,HDG 416 - 5MR 1172/087,CANIFA,RIB 1X1 COP26 ECO + E20,21.04.03.W1,WHITE 001-SW001 11-0601TCX,165,280,1V020,,,,2,"20,20","0,00",,,,,
6,HDG 03.21,HDG 416 - 5MR 1172/087,CANIFA,RIB 1X1 COP26 ECO + E20,21.04.03.W1,WHITE 001-SW001 11-0601TCX,165,280,1V021,,,,2,"20,20","0,00",,,,,
7,QHG 06.21,QHG 155-NÐH 175,QUẾ HƯƠNG,ĐIỂM VISCO-160,16.11.15.R1,ĐEN SO 10.06.22.R1,160,70,1V006,,,,6,"156,80","802,00",,,Mẻ cũ 1X873 bị loang và sọc nhiều (phát hiện ở khâu ĐHTP) --> Chuyển đen (chưa có kế hoạch làm bù),,
8,HDG 03.21,HDG 416 - 5MR 1172/087,CANIFA,RIB 1X1 COP26 ECO + E20,21.04.03.W1,WHITE 001-SW001 11-0601TCX,165,280,1V027,,,,1,"10,30","0,00",,,,,
9,HDG 03.21,HDG 416 - 5MR 1172/087,CANIFA,RIB 1X1 COP26 ECO + E20,21.04.03.W1,WHITE 001-SW001 11-0601TCX,165,280,1V022,,,,2,"20,20","0,00",,,,,
10,HDG 03.21,HDG 416 - 5MR 1172/087,CANIFA,RIB 1X1 COP26 ECO + E20,21.04.03.W1,WHITE 001-SW001 11-0601TCX,165,280,1V025,,,,1,"10,10","0,00",,,,,
11,HDG 03.21,HDG 416 - 5MR 1172/087,CANIFA,RIB 1X1 COP26 ECO + E20,21.04.03.W1,WHITE 001-SW001 11-0601TCX,165,280,1V024,,,,2,"20,20","0,00",,,,,
12,HDG 03.21,HDG 416 - 5MR 1172/087,CANIFA,RIB 1X1 COP26 ECO + E20,21.04.03.W1,WHITE 001-SW001 11-0601TCX,165,280,1V023,,,,1,"10,30","0,00",,,,,
13,HDG 03.21,HDG 416 - 5MR 1172/087,CANIFA,RIB 1X1 COP26 ECO + E20,21.04.03.W1,WHITE 001-SW001 11-0601TCX,165,280,1V026,,,,1,"10,10","0,00",,,,,
14,HDG 03.21,HDG 416 - 5MR 1172/087,CANIFA,RIB 1X1 COP26 ECO + E20,21.04.03.W1,WHITE 001-SW001 11-0601TCX,165,280,1V029,,,,1,"10,30","0,00",,,,,
15,HDG 03.21,HDG 416 - 5MR 1172/087,CANIFA,RIB 1X1 COP26 ECO + E20,21.04.03.W1,WHITE 001-SW001 11-0601TCX,165,280,1V028,,,,1,"10,50","0,00",,,,,
16,HDG 03.21,HDG 416 - 5MR 1172/087,CANIFA,RIB 1X1 COP26 ECO + E20,21.04.03.W1,WHITE 001-SW001 11-0601TCX,165,280,1V030,,,,1,"10,30","0,00",,,,,
17,HDG 03.21,HDG 416 - 5MR 1172/087,CANIFA,RIB 1X1 COP26 ECO + E20,21.04.03.W1,WHITE 001-SW001 11-0601TCX,165,280,1V031,,,,1,"10,40","0,00",,,,,
18,HGG 09.21,HGG 422 - 5MR 1172/087,HOÀNG GIA,RIB 1X1 COP26 ECO + E20,,,165,280,1V082,,,,1,"10,40","0,00",,,,,
19,HGG 09.21,HGG 422 - 5MR 1172/085,HOÀNG GIA,RIB 1X1 COP26 ECO + E20,21.04.03.W1,WHITE 001-SW001 11-0601TCX,165,280,1V065,,,,1,"11,50","0,00",,,,,
20,HGG 06.21,HGG 398 - 5MS 0836/002,HOÀNG GIA,SINGLE COP30 ECO,21.04.17.L1.1,XANH NGỌC ĐẬM SO 20.11.30.C1,185,160,1W594,,,,8,"160,60","0,00",,,,,
21,HGG 06.21,HGG 398 - 5MS 0836/002,HOÀNG GIA,SINGLE COP30 ECO,21.04.17.L1.1,XANH NGỌC ĐẬM SO 20.11.30.C1,185,160,1W595,,,,8,"160,60","0,00",,,,,
22,HGG 07.21,HGG 399 - 5MP 0001/001,HOÀNG GIA,PIQUE CVC40 + E30,21.04.08.A1.FA2,ĐEN,190,220,1V007,,,,8,"163,40","0,00",,,Mẻ cũ 1W473 màu TRẮNG bị dính đốm vàng. Xử lý giặt PTN không hết --> Chuyển đen trong cùng đơn hàng --> Thay đổi mã màu của mẻ 1W475 để làm bù màu TRẮNG,,
23,HGG 09.21,HGG 422 - 5MR 1172/087,HOÀNG GIA,RIB 1X1 COP26 ECO + E20,,,165,280,1V081,,,,1,"10,10","0,00",,,,,
24,HGG 09.21,HGG 422 - 5MR 1172/085,HOÀNG GIA,RIB 1X1 COP26 ECO + E20,21.04.03.W1,WHITE 001-SW001 11-0601TCX,165,280,1V067,,,,1,"15,20","0,00",,,,,
25,HGG 09.21,HGG 422 - 5MR 1172/085,HOÀNG GIA,RIB 1X1 COP26 ECO + E20,21.04.03.W1,WHITE 001-SW001 11-0601TCX,165,280,1V066,,,,1,"15,40","0,00",,,,,
26,QHG 06.21,QHG 155-NÐH 175,QUẾ HƯƠNG,ĐIỂM VISCO-160,16.11.15.R1,ĐEN SO 10.06.22.R1,160,70,1V005,,,,7,"157,90","809,00",,,Mẻ cũ 1X872 bị loang và sọc nhiều (phát hiện ở khâu ĐHTP) --> Chuyển đen (chưa có kế hoạch làm bù),,
27,HGG 09.21,HGG 422 - 5MR 1172/085,HOÀNG GIA,RIB 1X1 COP26 ECO + E20,21.04.03.W1,WHITE 001-SW001 11-0601TCX,165,280,1V064,,,,1,"9,40","0,00",,,,,
28,HGG 09.21,HGG 422 - 5MR 1172/087,HOÀNG GIA,RIB 1X1 COP26 ECO + E20,,,165,280,1V080,,,,1,"10,30","0,00",,,,,
29,HGG 09.21,HGG 422 - 5MR 1172/087,HOÀNG GIA,RIB 1X1 COP26 ECO + E20,,,165,280,1V079,,,,1,"18,70","0,00",,,,,
30,HGG 09.21,HGG 422 - 5MR 1172/087,HOÀNG GIA,RIB 1X1 COP26 ECO + E20,,,165,280,1V068,,,,1,"10,20","0,00",,,,,
31,HGG 09.21,HGG 422 - 5MR 1172/087,HOÀNG GIA,RIB 1X1 COP26 ECO + E20,,,165,280,1V069,,,,2,"15,10","0,00",,,,,
32,HGG 09.21,HGG 422 - 5MR 1172/087,HOÀNG GIA,RIB 1X1 COP26 ECO + E20,,,165,280,1V070,,,,2,"15,20","0,00",,,,,
33,HGG 09.21,HGG 422 - 5MR 1172/087,HOÀNG GIA,RIB 1X1 COP26 ECO + E20,,,165,280,1V075,,,,1,"10,10","0,00",,,,,
34,HGG 09.21,HGG 422 - 5MR 1172/087,HOÀNG GIA,RIB 1X1 COP26 ECO + E20,,,165,280,1V078,,,,1,"10,20","0,00",,,,,
35,HGG 09.21,HGG 422 - 5MR 1172/087,HOÀNG GIA,RIB 1X1 COP26 ECO + E20,,,165,280,1V071,,,,1,"10,30","0,00",,,,,
36,HGG 09.21,HGG 422 - 5MR 1172/087,HOÀNG GIA,RIB 1X1 COP26 ECO + E20,,,165,280,1V072,,,,1,"10,20","0,00",,,,,
37,HGG 09.21,HGG 422 - 5MR 1172/087,HOÀNG GIA,RIB 1X1 COP26 ECO + E20,,,165,280,1V073,,,,1,"10,00","0,00",,,,,
38,HGG 09.21,HGG 422 - 5MR 1172/087,HOÀNG GIA,RIB 1X1 COP26 ECO + E20,,,165,280,1V074,,,,1,"10,00","0,00",,,,,
39,HGG 09.21,HGG 422 - 5MR 1172/088,HOÀNG GIA,RIB 1X1 COP26 ECO + E20,,,165,280,1V076,,,,1,"15,80","0,00",,,,,
40,HGG 09.21,HGG 422 - 5MR 1172/088,HOÀNG GIA,RIB 1X1 COP26 ECO + E20,,,165,280,1V077,,,,1,"15,50","0,00",,,,,
41,HGG 09.21,HGG 422 - 5MS 0836/004,HOÀNG GIA,SINGLE COP30 ECO,21.04.03.W1,WHITE 001-SW001 11-0601TCX,185,160,1V033,,,,9,"181,70","0,00",,,,,
42,HGG 09.21,HGG 422 - 5MS 0836/004,HOÀNG GIA,SINGLE COP30 ECO,21.04.03.W1,WHITE 001-SW001 11-0601TCX,185,160,1V034,,,,8,"160,40","0,00",,,,,
43,HGG 09.21,HGG 422 - 5MS 0836/004,HOÀNG GIA,SINGLE COP30 ECO,21.04.03.W1,WHITE 001-SW001 11-0601TCX,185,160,1V035,,,,8,"160,90","0,00",,,,,
44,HGG 09.21,HGG 422 - 5MS 0836/004,HOÀNG GIA,SINGLE COP30 ECO,21.04.03.W1,WHITE 001-SW001 11-0601TCX,185,160,1V032,,,,9,"182,00","0,00",,,,,
45,NPT 01.21,NPT F03 - 5MF 1112/003,NHẬT PHÁT,FRENCH TERRY CVC30 ECO + CVC30 ECO + E20,21.04.08.D.FA1,HỒNG SO 21.03.05.G2,180,250,1W215,,,,8,"162,30","0,00",,,,,
46,NPT 01.21,NPT F03 - 5MF 1112/003,NHẬT PHÁT,FRENCH TERRY CVC30 ECO + CVC30 ECO + E20,21.04.08.E.FA1,BE SO 21.03.05.H1,180,250,1W115,,,,7,"141,90","0,00",,,,,
47,NPT 01.21,NPT F03 - 5MF 1112/003,NHẬT PHÁT,FRENCH TERRY CVC30 ECO + CVC30 ECO + E20,21.04.08.E.FA1,BE SO 21.03.05.H1,180,250,1W116,,,,7,"141,50","0,00",,,,,
48,NPT 01.21,NPT F03 - 5MF 1112/003,NHẬT PHÁT,FRENCH TERRY CVC30 ECO + CVC30 ECO + E20,21.04.08.E.FA1,BE SO 21.03.05.H1,180,250,1W117,,,,7,"140,00","0,00",,,,,
49,NPT 01.21,NPT F03 - 5MF 1112/003,NHẬT PHÁT,FRENCH TERRY CVC30 ECO + CVC30 ECO + E20,21.04.08.C.FA1,ĐEN SO 21.03.05.M1,180,250,1W244,,,,8,"148,50","0,00",,,,,
50,NPT 01.21,NPT F03 - 5MF 1112/003,NHẬT PHÁT,FRENCH TERRY CVC30 ECO + CVC30 ECO + E20,21.04.08.C.FA1,ĐEN SO 21.03.05.M1,180,250,1W245,,,,8,"151,60","0,00",,,,,
51,NPT 01.21,NPT F03 - 5MR 2000/001,NHẬT PHÁT,RIB 2X2 CVC30 ECO + E70,21.04.08.D.FA1,HỒNG SO 21.03.05.G2,120,350,1W415,,,,2,"41,40","0,00",,,,,
52,NPT 01.21,NPT F03 - 5MR 2000/001,NHẬT PHÁT,RIB 2X2 CVC30 ECO + E70,21.04.08.E.FA1,BE SO 21.03.05.H1,120,350,1W322,,,,2,"40,40","0,00",,,,,
53,NPT 01.21,NPT F03 - 5MR 2000/001,NHẬT PHÁT,RIB 2X2 CVC30 ECO + E70,21.04.08.E.FA1,BE SO 21.03.05.H1,120,350,1W323,,,,2,"40,30","0,00",,,,,
54,NPT 01.21,NPT F03 - 5MR 2000/001,NHẬT PHÁT,RIB 2X2 CVC30 ECO + E70,21.04.08.E.FA1,BE SO 21.03.05.H1,120,350,1W324,,,,2,"40,30","0,00",,,,,
55,NPT 01.21,NPT F03 - 5MR 2000/001,NHẬT PHÁT,RIB 2X2 CVC30 ECO + E70,21.04.08.E.FA1,BE SO 21.03.05.H1,120,350,1W325,,,,2,"40,40","0,00",,,,,
56,NPT 01.21,NPT F03 - 5MR 2000/001,NHẬT PHÁT,RIB 2X2 CVC30 ECO + E70,21.04.08.E.FA1,BE SO 21.03.05.H1,120,350,1W326,,,,2,"40,10","0,00",,,,,
57,NPT 01.21,NPT F03 - 5MR 2000/001,NHẬT PHÁT,RIB 2X2 CVC30 ECO + E70,21.04.08.E.FA1,BE SO 21.03.05.H1,120,350,1W348,,,,4,"76,60","0,00",,,,,
58,NPT 01.21,NPT F03 - 5MR 2000/001,NHẬT PHÁT,RIB 2X2 CVC30 ECO + E70,21.04.08.E.FA1,BE SO 21.03.05.H1,120,350,1W349,,,,4,"80,20","0,00",,,,,
59,NPT 01.21,NPT F03 - 5MR 2000/001,NHẬT PHÁT,RIB 2X2 CVC30 ECO + E70,21.04.08.C.FA1,ĐEN SO 21.03.05.M1,120,350,1W444,,,,2,"41,10","0,00",,,,,
60,NPT 01.21,NPT F03 - 5MR 2000/001,NHẬT PHÁT,RIB 2X2 CVC30 ECO + E70,21.04.08.C.FA1,ĐEN SO 21.03.05.M1,120,350,1W445,,,,2,"41,60","0,00",,,,,
61,ONF 12.21 - S1MKL0119350,ONF 411 - 5MB 1183/025,ONOFF,BO TAY COP40//4 SUPIMA + E30,21.04.22.F1.1,MOROCCAN BLUE - SBB15 SO 21.03.01.H1,32 * 3,26,1W715,,,,1,"4,20","0,00",,,,,
62,ONF 12.21 - S1MKL0119350,ONF 411 - 5MB 1183/025,ONOFF,BO TAY COP40//4 SUPIMA + E30,21.04.22.A1.1,RIO RED-SRR03 SO 20.12.23.G2,32 * 3,26,1W719,,,,1,"3,90","0,00",,,,,
63,ONF 12.21 - S1MKL0119350,ONF 411 - 5MB 1183/025,ONOFF,BO TAY COP40//4 SUPIMA + E30,21.04.22.A1.1,RIO RED-SRR03 SO 20.12.23.G2,32 * 3,26,1W720,,,,1,"4,30","0,00",,,,,
64,ONF 12.21 - S1MKL0119350,ONF 411 - 5MB 1183/024,ONOFF,BO CỔ COP40//4 SUPIMA + E30,21.04.22.B1.1,PIRATE BLACK SO 21.03.11.U2,43* 8.5,26,1W710,,,,1,"10,00","0,00",,,,,
65,ONF 12.21 - S1MKL0119350,ONF 411 - 5MB 1183/024,ONOFF,BO CỔ COP40//4 SUPIMA + E30,21.04.22.A1.1,RIO RED-SRR03 SO 20.12.23.G2,43* 8.5,26,1W706,,,,1,"8,10","0,00",,,,,
66,ONF 12.21 - S1MKL0119350,ONF 411 - 5MB 1183/025,ONOFF,BO TAY COP40//4 SUPIMA + E30,21.04.22.F1.1,MOROCCAN BLUE - SBB15 SO 21.03.01.H1,32 * 3,26,1W713,,,,1,"4,00","0,00",,,,,
67,ONF 12.21 - S1MKL0119350,ONF 411 - 5MB 1183/024,ONOFF,BO CỔ COP40//4 SUPIMA + E30,21.04.22.F1.1,MOROCCAN BLUE - SBB15 SO 21.03.01.H1,43* 8.5,26,1W704,,,,1,"8,20","0,00",,,,,
68,ONF 12.21 - S1MKL0119350,ONF 411 - 5MB 1183/024,ONOFF,BO CỔ COP40//4 SUPIMA + E30,21.04.22.E1.1,ANTIQUE BRONZE-SGG26 SO21.03.02.F1,43* 8.5,26,1W700,,,,1,"10,40","0,00",,,,,
69,ONF 12.21 - S1MKL0119350,ONF 411 - 5MB 1183/024,ONOFF,BO CỔ COP40//4 SUPIMA + E30,21.04.22.B1.1,PIRATE BLACK SO 21.03.11.U2,43* 8.5,26,1W709,,,,1,"10,10","0,00",,,,,
70,ONF 12.21 - S1MKL0119350,ONF 411 - 5MB 1183/024,ONOFF,BO CỔ COP40//4 SUPIMA + E30,21.04.22.F1.1,MOROCCAN BLUE - SBB15 SO 21.03.01.H1,43* 8.5,26,1W703,,,,1,"8,20","0,00",,,,,
71,ONF 12.21 - S1MKL0119350,ONF 411 - 5MB 1183/024,ONOFF,BO CỔ COP40//4 SUPIMA + E30,21.04.22.F1.1,MOROCCAN BLUE - SBB15 SO 21.03.01.H1,43* 8.5,26,1W701,,,,1,"8,20","0,00",,,,,
72,ONF 12.21 - S1MKL0119350,ONF 411 - 5MB 1183/024,ONOFF,BO CỔ COP40//4 SUPIMA + E30,21.04.22.E1.1,ANTIQUE BRONZE-SGG26 SO21.03.02.F1,43* 8.5,26,1W699,,,,1,"10,20","0,00",,,,,
73,ONF 12.21 - S1MKL0119350,ONF 411 - 5MB 1183/026,ONOFF,BO TAY COP40//4 SUPIMA + E30,21.04.22.F1.1,MOROCCAN BLUE - SBB15 SO 21.03.01.H1,35* 3,26,1W728,,,,1,"5,80","0,00",,,,,
74,ONF 12.21 - S1MKL0119350,ONF 411 - 5MB 1183/026,ONOFF,BO TAY COP40//4 SUPIMA + E30,21.04.22.B1.1,PIRATE BLACK SO 21.03.11.U2,35* 3,26,1W733,,,,1,"7,00","0,00",,,,,
75,ONF 12.21 - S1MKL0119350,ONF 411 - 5MB 1183/023,ONOFF,BO CỔ COP40//4 SUPIMA + E30,21.04.22.A1.1,RIO RED-SRR03 SO 20.12.23.G2,41 * 8.5,26,1W695,,,,1,"6,20","0,00",,,,,
76,ONF 12.21 - S1MKL0119350,ONF 411 - 5MB 1183/026,ONOFF,BO TAY COP40//4 SUPIMA + E30,21.04.22.E1.1,ANTIQUE BRONZE-SGG26 SO21.03.02.F1,35* 3,26,1W723,,,,1,"7,20","0,00",,,,,
77,ONF 12.21 - S1MKL0119350,ONF 411 - 5MB 1183/026,ONOFF,BO TAY COP40//4 SUPIMA + E30,21.04.22.E1.1,ANTIQUE BRONZE-SGG26 SO21.03.02.F1,35* 3,26,1W724,,,,1,"7,00","0,00",,,,,
78,ONF 12.21 - S1MKL0119350,ONF 411 - 5MB 1183/026,ONOFF,BO TAY COP40//4 SUPIMA + E30,21.04.22.F1.1,MOROCCAN BLUE - SBB15 SO 21.03.01.H1,35* 3,26,1W727,,,,1,"5,50","0,00",,,,,
79,ONF 12.21 - S1MKL0119350,ONF 411 - 5MB 1183/026,ONOFF,BO TAY COP40//4 SUPIMA + E30,21.04.22.F1.1,MOROCCAN BLUE - SBB15 SO 21.03.01.H1,35* 3,26,1W725,,,,1,"5,60","0,00",,,,,
80,ONF 12.21 - S1MKL0119350,ONF 411 - 5MB 1183/025,ONOFF,BO TAY COP40//4 SUPIMA + E30,21.04.22.A1.1,RIO RED-SRR03 SO 20.12.23.G2,32 * 3,26,1W717,,,,1,"3,70","0,00",,,,,
81,ONF 12.21 - S1MKL0119350,ONF 411 - 5MB 1183/025,ONOFF,BO TAY COP40//4 SUPIMA + E30,21.04.22.A1.1,RIO RED-SRR03 SO 20.12.23.G2,32 * 3,26,1W718,,,,1,"4,00","0,00",,,,,
82,ONF 12.21 - S1MKL0119350,ONF 411 - 5MB 1183/023,ONOFF,BO CỔ COP40//4 SUPIMA + E30,21.04.22.A1.1,RIO RED-SRR03 SO 20.12.23.G2,41 * 8.5,26,1W696,,,,1,"7,10","0,00",,,,,
83,ONF 12.21 - S1MKL0119350,ONF 411 - 5MB 1183/026,ONOFF,BO TAY COP40//4 SUPIMA + E30,21.04.22.B1.1,PIRATE BLACK SO 21.03.11.U2,35* 3,26,1W734,,,,1,"7,60","0,00",,,,,
84,QHG 06.21,QHG 155-NÐH 175,QUẾ HƯƠNG,ĐIỂM VISCO-160,14.04.19.E1,CỎ ÚA,160,70,1X898,,,,6,"145,30","738,00",,,,,
85,ONF 12.21 - S1MKL0119350,ONF 411 - 5MB 1183/023,ONOFF,BO CỔ COP40//4 SUPIMA + E30,21.04.22.F1.1,MOROCCAN BLUE - SBB15 SO 21.03.01.H1,41 * 8.5,26,1W691,,,,1,"6,10","0,00",,,,,
86,ONF 12.21 - S1MKL0119350,ONF 411 - 5MB 1183/025,ONOFF,BO TAY COP40//4 SUPIMA + E30,21.04.22.E1.1,ANTIQUE BRONZE-SGG26 SO21.03.02.F1,32 * 3,26,1W711,,,,1,"4,70","0,00",,,,,
87,ONF 12.21 - S1MKL0119350,ONF 411 - 5MB 1183/023,ONOFF,BO CỔ COP40//4 SUPIMA + E30,21.04.22.E1.1,ANTIQUE BRONZE-SGG26 SO21.03.02.F1,41 * 8.5,26,1W687,,,,1,"7,70","0,00",,,,,
88,ONF 12.21 - S1MKL0119350,ONF 411 - 5MB 1183/023,ONOFF,BO CỔ COP40//4 SUPIMA + E30,21.04.22.E1.1,ANTIQUE BRONZE-SGG26 SO21.03.02.F1,41 * 8.5,26,1W688,,,,1,"7,70","0,00",,,,,
89,ONF 12.21 - S1MKL0119350,ONF 411 - 5MB 1183/024,ONOFF,BO CỔ COP40//4 SUPIMA + E30,21.04.22.A1.1,RIO RED-SRR03 SO 20.12.23.G2,43* 8.5,26,1W705,,,,1,"8,40","0,00",,,,,
90,ONF 12.21 - S1MKL0119350,ONF 411 - 5MB 1183/023,ONOFF,BO CỔ COP40//4 SUPIMA + E30,21.04.22.B1.1,PIRATE BLACK SO 21.03.11.U2,41 * 8.5,26,1W698,,,,1,"8,60","0,00",,,,,
91,HHI 01.21,HHI F04 - 5MS 1171/092,HOÀNG HẢI,SINGLE COP40 + E20,,,170,170,1V003,,,,8,"162,50","0,00",,,Mẻ cũ 1W054 khi bắt đầu dosing soda hàng bị đứt đầu cây 20' --> Hàng bị loang (phát hiện ở khâu ĐỊNH HÌNH),,
92,ONF 12.21 - S1MKL0119350,ONF 411 - 5MB 1183/023,ONOFF,BO CỔ COP40//4 SUPIMA + E30,21.04.22.A1.1,RIO RED-SRR03 SO 20.12.23.G2,41 * 8.5,26,1W694,,,,1,"6,20","0,00",,,,,
93,ONF 12.21 - S1MKL0119350,ONF 411 - 5MB 1183/023,ONOFF,BO CỔ COP40//4 SUPIMA + E30,21.04.22.A1.1,RIO RED-SRR03 SO 20.12.23.G2,41 * 8.5,26,1W693,,,,1,"6,90","0,00",,,,,
94,ONF 12.21 - S1MKL0119350,ONF 411 - 5MB 1183/023,ONOFF,BO CỔ COP40//4 SUPIMA + E30,21.04.22.F1.1,MOROCCAN BLUE - SBB15 SO 21.03.01.H1,41 * 8.5,26,1W692,,,,1,"6,20","0,00",,,,,
95,BAR 01.21,BAR 001,ANH BA RAYON,ĐIỂM 1_1 PEBA50 (50%PE + 50%BA),21.04.26.T2,ĐỎ MẬN,TEST,TEST,1V001,,,,9,"185,80","806,00",,,Mẻ cũ 1W006 màu RUỐC ĐẬM bị loang và hiệu ứng sượt không đạt --> Chuyển màu ĐỎ ĐÔ,,
96,HHI 01.21,HHI F04 - 5MR 2002/001,HOÀNG HẢI,RIB 1X1 COP40 + E40,,,160,220,1V004,,,,1,"15,10","0,00",,,Mẻ cũ 1W068 khi bắt đầu dosing soda hàng bị đứt đầu cây 20' --> Hàng bị loang phát hiện ở khâu ĐỊNH HÌNH),,
97,ONF 12.21 - S1MKL0119350,ONF 411 - 5MB 1183/025,ONOFF,BO TAY COP40//4 SUPIMA + E30,21.04.22.B1.1,PIRATE BLACK SO 21.03.11.U2,32 * 3,26,1W721,,,,1,"5,30","0,00",,,,,
98,ONF 12.21 - S1MKL0119350,ONF 411 - 5MB 1183/025,ONOFF,BO TAY COP40//4 SUPIMA + E30,21.04.22.B1.1,PIRATE BLACK SO 21.03.11.U2,32 * 3,26,1W722,,,,1,"5,60","0,00",,,,,
99,ONF 12.21 - S1MKL0119350,ONF 411 - 5MB 1183/023,ONOFF,BO CỔ COP40//4 SUPIMA + E30,21.04.22.F1.1,MOROCCAN BLUE - SBB15 SO 21.03.01.H1,41 * 8.5,26,1W689,,,,1,"6,60","0,00",,,,,
100,ONF 12.21 - S1MKL0119350,ONF 411 - 5MB 1183/024,ONOFF,BO CỔ COP40//4 SUPIMA + E30,21.04.22.A1.1,RIO RED-SRR03 SO 20.12.23.G2,43* 8.5,26,1W708,,,,1,"8,30","0,00",,,,,
101,ONF 12.21 - S1MKL0119350,ONF 411 - 5MB 1183/024,ONOFF,BO CỔ COP40//4 SUPIMA + E30,21.04.22.A1.1,RIO RED-SRR03 SO 20.12.23.G2,43* 8.5,26,1W707,,,,1,"8,40","0,00",,,,,
102,ONF 12.21 - S1MKL0119350,ONF 411 - 5MB 1183/025,ONOFF,BO TAY COP40//4 SUPIMA + E30,21.04.22.F1.1,MOROCCAN BLUE - SBB15 SO 21.03.01.H1,32 * 3,26,1W716,,,,1,"3,90","0,00",,,,,
103,ONF 12.21 - S1MKL0119350,ONF 411 - 5MB 1183/026,ONOFF,BO TAY COP40//4 SUPIMA + E30,21.04.22.A1.1,RIO RED-SRR03 SO 20.12.23.G2,35* 3,26,1W729,,,,1,"5,60","0,00",,,,,
104,ONF 12.21 - S1MKL0119350,ONF 411 - 5MB 1183/026,ONOFF,BO TAY COP40//4 SUPIMA + E30,21.04.22.A1.1,RIO RED-SRR03 SO 20.12.23.G2,35* 3,26,1W730,,,,1,"5,60","0,00",,,,,
105,ONF 12.21 - S1MKL0119350,ONF 411 - 5MB 1183/023,ONOFF,BO CỔ COP40//4 SUPIMA + E30,21.04.22.B1.1,PIRATE BLACK SO 21.03.11.U2,41 * 8.5,26,1W697,,,,1,"8,60","0,00",,,,,
106,ONF 12.21 - S1MKL0119350,ONF 411 - 5MB 1183/025,ONOFF,BO TAY COP40//4 SUPIMA + E30,21.04.22.E1.1,ANTIQUE BRONZE-SGG26 SO21.03.02.F1,32 * 3,26,1W712,,,,1,"4,70","0,00",,,,,
107,ONF 12.21 - S1MKL0119350,ONF 411 - 5MB 1183/026,ONOFF,BO TAY COP40//4 SUPIMA + E30,21.04.22.A1.1,RIO RED-SRR03 SO 20.12.23.G2,35* 3,26,1W731,,,,1,"5,40","0,00",,,,,
108,ONF 12.21 - S1MKL0119350,ONF 411 - 5MB 1183/026,ONOFF,BO TAY COP40//4 SUPIMA + E30,21.04.22.A1.1,RIO RED-SRR03 SO 20.12.23.G2,35* 3,26,1W732,,,,1,"5,70","0,00",,,,,
109,HDG 01.21,HDG 404 - 5MS 0836/002,CANIFA,SINGLE COP30 ECO,21.04.17.F1.1,BLUE 060-SB060 SO 20.12.02.B1,185,160,1W775,,,,10,"202,50","0,00",,,,,
110,HDG 01.21,HDG 404 - 5MS 0836/002,CANIFA,SINGLE COP30 ECO,21.04.17.L1.1,XANH NGỌC ĐẬM SO 20.11.30.C1,185,160,1W779,,,,10,"203,10","0,00",,,,,
111,HDG 01.21,HDG 404 - 5MS 0836/002,CANIFA,SINGLE COP30 ECO,21.04.17.A1.1,RED-SR227 SO 20.12.02.D2,185,160,1W783,,,,10,"192,10","0,00",,,,,
112,HDG 01.21,HDG 404 - 5MS 0836/002,CANIFA,SINGLE COP30 ECO,21.04.17.A1.1,RED-SR227 SO 20.12.02.D2,185,160,1W781,,,,9,"182,60","0,00",,,,,
113,HDG 01.21,HDG 404 - 5MS 0836/002,CANIFA,SINGLE COP30 ECO,21.04.17.A1.1,RED-SR227 SO 20.12.02.D2,185,160,1W782,,,,9,"182,50","0,00",,,,,
114,TTB 04.21,TTB 231,THÁI TUẤN,ĐIỂM RY FILAMENT BÓNG 1.6,16.11.15.R1,ĐEN SO 10.06.22.R1,151,,1W540,,,,3,"115,10","467,00",,,,,
115,QHG 06.21,QHG 155-NÐH 175,QUẾ HƯƠNG,ĐIỂM VISCO-160,15.05.30.E1,DA ( LÒNG MỨC) SO 07.10.06.B2,160,70,1X924,,,,6,"157,30","797,00",,,,,
116,HDG 01.21,HDG 404 - 5MS 0836/002,CANIFA,SINGLE COP30 ECO,21.04.03.W1,WHITE 001-SW001 11-0601TCX,185,160,1W785,,,,9,"182,60","0,00",,,,,
117,QHG 06.21,QHG 155-NÐH 175,QUẾ HƯƠNG,ĐIỂM VISCO-160,19.04.23.D1,THẠCH SO 10.10.27.A1,160,70,1X910,,,,6,"155,80","801,00",,,,,
118,BOO 09.21,BOO 366 - 5MS 1129/049,BOO,SINGLE COP20 ECO,20.12.18.B1.1,CAM ORANGE TIGER SO 20.12.18.B1,190,205~210,1X804,,,,9,"179,90","0,00",,,,,
119,QHG 06.21,QHG 155-NÐH 175,QUẾ HƯƠNG,ĐIỂM VISCO-160,19.04.23.D1,THẠCH SO 10.10.27.A1,160,70,1X909,,,,6,"155,60","802,00",,,,,
120,NPT 01.21,NPT F03 - 5MR 2000/001,NHẬT PHÁT,RIB 2X2 CVC30 ECO + E70,21.04.10.A.FA1,XANH NAVY SO 21.03.05.N2,120,350,1W424,,,,2,"29,90","0,00",,,,,
121,NPT 01.21,NPT F03 - 5MR 2000/001,NHẬT PHÁT,RIB 2X2 CVC30 ECO + E70,21.04.10.A.FA1,XANH NAVY SO 21.03.05.N2,120,350,1W423,,,,2,"30,60","0,00",,,,,
122,NPT 01.21,NPT F03 - 5MR 2000/001,NHẬT PHÁT,RIB 2X2 CVC30 ECO + E70,21.04.10.A.FA1,XANH NAVY SO 21.03.05.N2,120,350,1W425,,,,2,"30,90","0,00",,,,,
123,NPT 01.21,NPT F03 - 5MR 2000/001,NHẬT PHÁT,RIB 2X2 CVC30 ECO + E70,21.04.10.C.FA1,CỔ VỊT SO 21.03.05.P1,120,350,1W365,,,,2,"30,60","0,00",,,,,
124,NPT 01.21,NPT F03 - 5MR 2000/001,NHẬT PHÁT,RIB 2X2 CVC30 ECO + E70,21.04.12.D.FA1,RÊU SO 21.03.05.N2,120,350,1W437,,,,3,"51,10","0,00",,,,,
125,NPT 01.21,NPT F03 - 5MF 1112/002,NHẬT PHÁT,FRENCH TERRY CVC30 ECO + CVC30 ECO + E20,21.04.12.D.FA1,RÊU SO 21.03.05.N2,180,250,1W236,,,,7,"131,40","0,00",,,,,
126,NPT 01.21,NPT F03 - 5MF 1112/002,NHẬT PHÁT,FRENCH TERRY CVC30 ECO + CVC30 ECO + E20,21.04.10.C.FA1,CỔ VỊT SO 21.03.05.P1,180,250,1W163,,,,8,"161,50","0,00",,,,,
127,NPT 01.21,NPT F03 - 5MR 2000/001,NHẬT PHÁT,RIB 2X2 CVC30 ECO + E70,21.04.10.A.FA1,XANH NAVY SO 21.03.05.N2,120,350,1W426,,,,2,"30,20","0,00",,,,,
128,NPT 01.21,NPT F03 - 5MR 2000/001,NHẬT PHÁT,RIB 2X2 CVC30 ECO + E70,21.04.12.D.FA1,RÊU SO 21.03.05.N2,120,350,1W436,,,,2,"40,60","0,00",,,,,
129,NPT 01.21,NPT F03 - 5MR 2000/001,NHẬT PHÁT,RIB 2X2 CVC30 ECO + E70,21.04.10.A.FA1,XANH NAVY SO 21.03.05.N2,120,350,1W427,,,,2,"30,40","0,00",,,,,
130,NPT 01.21,NPT F03 - 5MR 2000/001,NHẬT PHÁT,RIB 2X2 CVC30 ECO + E70,21.04.10.A.FA1,XANH NAVY SO 21.03.05.N2,120,350,1W419,,,,2,"30,20","0,00",,,,,
131,NPT 01.21,NPT F03 - 5MR 2000/001,NHẬT PHÁT,RIB 2X2 CVC30 ECO + E70,21.04.10.A.FA1,XANH NAVY SO 21.03.05.N2,120,350,1W667,,,,2,"30,30","0,00",,,,,
132,NPT 01.21,NPT F03 - 5MR 2000/001,NHẬT PHÁT,RIB 2X2 CVC30 ECO + E70,21.04.10.A.FA1,XANH NAVY SO 21.03.05.N2,120,350,1W418,,,,2,"30,20","0,00",,,,,
133,NPT 01.21,NPT F03 - 5MR 2000/001,NHẬT PHÁT,RIB 2X2 CVC30 ECO + E70,21.04.10.A.FA1,XANH NAVY SO 21.03.05.N2,120,350,1W666,,,,2,"30,40","0,00",,,,,
134,NPT 01.21,NPT F03 - 5MR 2000/001,NHẬT PHÁT,RIB 2X2 CVC30 ECO + E70,21.04.10.A.FA1,XANH NAVY SO 21.03.05.N2,120,350,1W422,,,,2,"30,70","0,00",,,,,
135,NPT 01.21,NPT F03 - 5MR 2000/001,NHẬT PHÁT,RIB 2X2 CVC30 ECO + E70,21.04.10.C.FA1,CỔ VỊT SO 21.03.05.P1,120,350,1W367,,,,2,"30,40","0,00",,,,,
136,NPT 01.21,NPT F03 - 5MR 2000/001,NHẬT PHÁT,RIB 2X2 CVC30 ECO + E70,21.04.10.C.FA1,CỔ VỊT SO 21.03.05.P1,120,350,1W366,,,,2,"40,10","0,00",,,,,
137,NPT 01.21,NPT F03 - 5MR 2000/001,NHẬT PHÁT,RIB 2X2 CVC30 ECO + E70,21.04.10.C.FA1,CỔ VỊT SO 21.03.05.P1,120,350,1W362,,,,2,"30,00","0,00",,,,,
138,NPT 01.21,NPT F03 - 5MR 2000/001,NHẬT PHÁT,RIB 2X2 CVC30 ECO + E70,21.04.10.C.FA1,CỔ VỊT SO 21.03.05.P1,120,350,1W364,,,,2,"30,70","0,00",,,,,
139,NPT 01.21,NPT F03 - 5MR 2000/001,NHẬT PHÁT,RIB 2X2 CVC30 ECO + E70,21.04.10.C.FA1,CỔ VỊT SO 21.03.05.P1,120,350,1W363,,,,2,"30,30","0,00",,,,,
140,NPT 01.21,NPT F03 - 5MF 1112/001,NHẬT PHÁT,FRENCH TERRY CVC30 ECO + CVC30 ECO + E20,21.04.10.A.FA1,XANH NAVY SO 21.03.05.N2,180,250,1W226,,,,8,"162,40","0,00",,,,,
141,NPT 01.21,NPT F03 - 5MF 1112/001,NHẬT PHÁT,FRENCH TERRY CVC30 ECO + CVC30 ECO + E20,21.04.10.A.FA1,XANH NAVY SO 21.03.05.N2,180,250,1W224,,,,8,"159,10","0,00",,,,,
142,NPT 01.21,NPT F03 - 5MF 1112/001,NHẬT PHÁT,FRENCH TERRY CVC30 ECO + CVC30 ECO + E20,21.04.10.A.FA1,XANH NAVY SO 21.03.05.N2,180,250,1W227,,,,8,"161,40","0,00",,,,,
143,NPT 01.21,NPT F03 - 5MR 2000/001,NHẬT PHÁT,RIB 2X2 CVC30 ECO + E70,21.04.12.G.FA1,NÂU SỮA SO 21.03.05.C1,120,350,1W644,,,,2,"40,30","0,00",,,,,
144,NPT 01.21,NPT F03 - 5MF 1112/001,NHẬT PHÁT,FRENCH TERRY CVC30 ECO + CVC30 ECO + E20,21.04.10.A.FA1,XANH NAVY SO 21.03.05.N2,180,250,1W225,,,,8,"159,60","0,00",,,,,
145,NPT 01.21,NPT F03 - 5MF 1112/002,NHẬT PHÁT,FRENCH TERRY CVC30 ECO + CVC30 ECO + E20,21.04.10.C.FA1,CỔ VỊT SO 21.03.05.P1,180,250,1W167,,,,8,"162,20","0,00",,,,,
146,NPT 01.21,NPT F03 - 5MF 1112/002,NHẬT PHÁT,FRENCH TERRY CVC30 ECO + CVC30 ECO + E20,21.04.10.C.FA1,CỔ VỊT SO 21.03.05.P1,180,250,1W166,,,,8,"162,40","0,00",,,,,
147,NPT 01.21,NPT F03 - 5MF 1112/002,NHẬT PHÁT,FRENCH TERRY CVC30 ECO + CVC30 ECO + E20,21.04.10.C.FA1,CỔ VỊT SO 21.03.05.P1,180,250,1W165,,,,8,"161,50","0,00",,,,,
148,NPT 01.21,NPT F03 - 5MF 1112/002,NHẬT PHÁT,FRENCH TERRY CVC30 ECO + CVC30 ECO + E20,21.04.10.C.FA1,CỔ VỊT SO 21.03.05.P1,180,250,1W164,,,,8,"162,40","0,00",,,,,
149,NPT 01.21,NPT F03 - 5MF 1112/001,NHẬT PHÁT,FRENCH TERRY CVC30 ECO + CVC30 ECO + E20,21.04.10.A.FA1,XANH NAVY SO 21.03.05.N2,180,250,1W223,,,,8,"160,50","0,00",,,,,
150,NPT 01.21,NPT F03 - 5MF 1112/002,NHẬT PHÁT,FRENCH TERRY CVC30 ECO + CVC30 ECO + E20,21.04.10.C.FA1,CỔ VỊT SO 21.03.05.P1,180,250,1W162,,,,8,"162,20","0,00",,,,,
151,NPT 01.21,NPT F03 - 5MF 1112/001,NHẬT PHÁT,FRENCH TERRY CVC30 ECO + CVC30 ECO + E20,21.04.10.A.FA1,XANH NAVY SO 21.03.05.N2,180,250,1W219,,,,8,"161,40","0,00",,,,,
152,NPT 01.21,NPT F03 - 5MF 1112/002,NHẬT PHÁT,FRENCH TERRY CVC30 ECO + CVC30 ECO + E20,21.04.12.G.FA1,NÂU SỮA SO 21.03.05.C1,180,250,1W641,,,,7,"141,20","0,00",,,,,
153,NPT 01.21,NPT F03 - 5MF 1112/002,NHẬT PHÁT,FRENCH TERRY CVC30 ECO + CVC30 ECO + E20,21.04.12.G.FA1,NÂU SỮA SO 21.03.05.C1,180,250,1W642,,,,7,"138,20","0,00",,,,,
154,NPT 01.21,NPT F03 - 5MF 1112/001,NHẬT PHÁT,FRENCH TERRY CVC30 ECO + CVC30 ECO + E20,21.04.10.A.FA1,XANH NAVY SO 21.03.05.N2,180,250,1W222,,,,8,"161,50","0,00",,,,,
155,NPT 01.21,NPT F03 - 5MF 1112/001,NHẬT PHÁT,FRENCH TERRY CVC30 ECO + CVC30 ECO + E20,21.04.10.A.FA1,XANH NAVY SO 21.03.05.N2,180,250,1W221,,,,8,"161,20","0,00",,,,,
156,NPT 01.21,NPT F03 - 5MR 2000/001,NHẬT PHÁT,RIB 2X2 CVC30 ECO + E70,21.04.12.G.FA1,NÂU SỮA SO 21.03.05.C1,120,350,1W645,,,,2,"40,60","0,00",,,,,
157,NPT 01.21,NPT F03 - 5MF 1112/002,NHẬT PHÁT,FRENCH TERRY CVC30 ECO + CVC30 ECO + E20,21.04.12.D.FA1,RÊU SO 21.03.05.N2,180,250,1W237,,,,7,"126,50","0,00",,,,,
158,NPT 01.21,NPT F03 - 5MF 1112/001,NHẬT PHÁT,FRENCH TERRY CVC30 ECO + CVC30 ECO + E20,21.04.10.A.FA1,XANH NAVY SO 21.03.05.N2,180,250,1W218,,,,8,"162,20","0,00",,,,,
159,NPT 01.21,NPT F03 - 5MF 1112/001,NHẬT PHÁT,FRENCH TERRY CVC30 ECO + CVC30 ECO + E20,21.04.10.A.FA1,XANH NAVY SO 21.03.05.N2,180,250,1W220,,,,8,"161,90","0,00",,,,,
160,ONF 10.21 - S1MKS0119346,ONF 400 - 5MS 2001/001,ONOFF,SINGLE COP40 + E22,21.02.27.W2,TRẮNG MUJI,165,145,1W749,,,,9,"181,80","0,00",,,,,
161,ONF 10.21 - S1MKS0119346,ONF 400 - 5MS 2001/001,ONOFF,SINGLE COP40 + E22,21.02.27.W2,TRẮNG MUJI,165,145,1W742,,,,9,"179,50","0,00",,,,,
162,ONF 10.21 - S1MKS0119346,ONF 400 - 5MS 2001/001,ONOFF,SINGLE COP40 + E22,21.02.27.W2,TRẮNG MUJI,165,145,1W744,,,,9,"176,10","0,00",,,,,
163,ONF 10.21 - S1MKS0119346,ONF 400 - 5MS 2001/001,ONOFF,SINGLE COP40 + E22,21.02.27.W2,TRẮNG MUJI,165,145,1W745,,,,9,"179,60","0,00",,,,,
164,ONF 12.21 - S1MKL0119350,ONF 411 - 5MP 1065/082,ONOFF,PIQUE COP40 SUPIMA + E30,21.04.22.E1.1,ANTIQUE BRONZE-SGG26 SO21.03.02.F1,190,210,1W674,,,,8,"161,60","0,00",,,,,
165,ONF 12.21 - S1MKL0119350,ONF 411 - 5MP 1065/082,ONOFF,PIQUE COP40 SUPIMA + E30,21.04.22.B1.1,PIRATE BLACK SO 21.03.11.U2,190,210,1W685,,,,8,"162,10","0,00",,,,,
166,ONF 12.21 - S1MKL0119350,ONF 411 - 5MP 1065/082,ONOFF,PIQUE COP40 SUPIMA + E30,21.04.22.B1.1,PIRATE BLACK SO 21.03.11.U2,190,210,1W686,,,,8,"162,10","0,00",,,,,
167,QHG 06.21,QHG 155-NÐH 175,QUẾ HƯƠNG,ĐIỂM VISCO-160,11.06.14.F2,RUỐC HỒNG,160,70,1X886,,,,7,"156,20","799,00",,,,,
168,QHG 06.21,QHG 155-NÐH 175,QUẾ HƯƠNG,ĐIỂM VISCO-160,14.12.25.K1,DÂU ĐẬM,160,70,1X894,,,,6,"158,70","810,00",,,,,
169,QHG 06.21,QHG 155-NÐH 175,QUẾ HƯƠNG,ĐIỂM VISCO-160,14.12.25.K1,DÂU ĐẬM,160,70,1X893,,,,5,"156,20","797,00",,,,,
170,HGG 07.21,HGG 399 - 5MB 0002/001,HOÀNG GIA,BO CỔ CVC40//5+E30,21.04.08.A1.FA2,ĐEN,43*8.5,-,1W478,,,,1,"5,40","0,00",,,,,
171,HGG 07.21,HGG 399 - 5MB 0002/003,HOÀNG GIA,BO TAY CVC40//5 + E30,21.04.08.A1.FA2,ĐEN,36*2.8,-,1W484,,,,1,"14,40","0,00",,,,,
172,HGG 07.21,HGG 399 - 5MB 0002/002,HOÀNG GIA,BO CỔ CVC40//5 + E30,21.04.08.A1.FA2,ĐEN,45*8.5,-,1W481,,,,1,"14,80","0,00",,,,,
173,HHI 01.21,HHI F04 - 5MS 1171/092,HOÀNG HẢI,SINGLE COP40 + E20,21.04.20.B1.1,BLUE SB822 SO 21.02.26.F1,170,170,1W048,,,,9,"181,00","0,00",,,,,
174,NPT 01.21,NPT F03 - 5MR 2000/001,NHẬT PHÁT,RIB 2X2 CVC30 ECO + E70,21.04.08.E.FA1,BE SO 21.03.05.H1,120,350,1W287,,,,2,"41,00","0,00",,,,,
175,NPT 01.21,NPT F03 - 5MR 2000/001,NHẬT PHÁT,RIB 2X2 CVC30 ECO + E70,21.04.08.E.FA1,BE SO 21.03.05.H1,120,350,1W288,,,,2,"40,60","0,00",,,,,
176,NPT 01.21,NPT F03 - 5MR 2000/001,NHẬT PHÁT,RIB 2X2 CVC30 ECO + E70,21.03.05.W1,TRẮNG,120,350,1W319,,,,2,"40,20","0,00",,,,,
177,NPT 01.21,NPT F03 - 5MR 2000/001,NHẬT PHÁT,RIB 2X2 CVC30 ECO + E70,21.04.08.E.FA1,BE SO 21.03.05.H1,120,350,1W312,,,,3,"60,50","0,00",,,,,
178,NPT 01.21,NPT F03 - 5MR 2000/001,NHẬT PHÁT,RIB 2X2 CVC30 ECO + E70,21.04.08.E.FA1,BE SO 21.03.05.H1,120,350,1W311,,,,3,"60,10","0,00",,,,,
179,NPT 01.21,NPT F03 - 5MR 2000/001,NHẬT PHÁT,RIB 2X2 CVC30 ECO + E70,21.03.05.W1,TRẮNG,120,350,1W317,,,,3,"60,60","0,00",,,,,
180,NPT 01.21,NPT F03 - 5MR 2000/001,NHẬT PHÁT,RIB 2X2 CVC30 ECO + E70,21.04.08.E.FA1,BE SO 21.03.05.H1,120,350,1W313,,,,3,"60,40","0,00",,,,,
181,NPT 01.21,NPT F03 - 5MR 2000/001,NHẬT PHÁT,RIB 2X2 CVC30 ECO + E70,21.04.08.E.FA1,BE SO 21.03.05.H1,120,350,1W314,,,,3,"60,10","0,00",,,,,
182,NPT 01.21,NPT F03 - 5MR 2000/001,NHẬT PHÁT,RIB 2X2 CVC30 ECO + E70,21.04.09.A.FA1,XANH MINT SO 21.03.05.E2,120,350,1W354,,,,3,"60,50","0,00",,,,,
183,NPT 01.21,NPT F03 - 5MR 2000/001,NHẬT PHÁT,RIB 2X2 CVC30 ECO + E70,21.04.09.A.FA1,XANH MINT SO 21.03.05.E2,120,350,1W355,,,,2,"40,00","0,00",,,,,
184,NPT 01.21,NPT F03 - 5MR 2000/001,NHẬT PHÁT,RIB 2X2 CVC30 ECO + E70,21.04.08.E.FA1,BE SO 21.03.05.H1,120,350,1W289,,,,2,"39,30","0,00",,,,,
185,NPT 01.21,NPT F03 - 5MR 2000/001,NHẬT PHÁT,RIB 2X2 CVC30 ECO + E70,21.04.09.A.FA1,XANH MINT SO 21.03.05.E2,120,350,1W356,,,,2,"40,00","0,00",,,,,
186,NPT 01.21,NPT F03 - 5MR 2000/001,NHẬT PHÁT,RIB 2X2 CVC30 ECO + E70,21.03.05.W1,TRẮNG,120,350,1W321,,,,2,"39,90","0,00",,,,,
187,NPT 01.21,NPT F03 - 5MR 2000/001,NHẬT PHÁT,RIB 2X2 CVC30 ECO + E70,21.03.05.W1,TRẮNG,120,350,1W421,,,,2,"30,10","0,00",,,,,
188,NPT 01.21,NPT F03 - 5MR 2000/001,NHẬT PHÁT,RIB 2X2 CVC30 ECO + E70,21.04.09.A.FA1,XANH MINT SO 21.03.05.E2,120,350,1W357,,,,2,"40,10","0,00",,,,,
189,NPT 01.21,NPT F03 - 5MR 2000/001,NHẬT PHÁT,RIB 2X2 CVC30 ECO + E70,21.03.05.W1,TRẮNG,120,350,1W320,,,,2,"40,20","0,00",,,,,
190,NPT 01.21,NPT F03 - 5MR 2000/001,NHẬT PHÁT,RIB 2X2 CVC30 ECO + E70,21.03.05.W1,TRẮNG,120,350,1W316,,,,3,"59,90","0,00",,,,,
191,NPT 01.21,NPT F03 - 5MF 1112/001,NHẬT PHÁT,FRENCH TERRY CVC30 ECO + CVC30 ECO + E20,21.04.09.A.FA1,XANH MINT SO 21.03.05.E2,180,250,1W156,,,,7,"142,10","0,00",,,,,
192,NPT 01.21,NPT F03 - 5MF 1112/001,NHẬT PHÁT,FRENCH TERRY CVC30 ECO + CVC30 ECO + E20,21.04.09.A.FA1,XANH MINT SO 21.03.05.E2,180,250,1W158,,,,7,"141,00","0,00",,,,,
193,NPT 01.21,NPT F03 - 5MF 1112/001,NHẬT PHÁT,FRENCH TERRY CVC30 ECO + CVC30 ECO + E20,21.04.09.A.FA1,XANH MINT SO 21.03.05.E2,180,250,1W154,,,,7,"141,90","0,00",,,,,
194,NPT 01.21,NPT F03 - 5MF 1112/001,NHẬT PHÁT,FRENCH TERRY CVC30 ECO + CVC30 ECO + E20,21.04.09.A.FA1,XANH MINT SO 21.03.05.E2,180,250,1W157,,,,7,"141,90","0,00",,,,,
195,NPT 01.21,NPT F03 - 5MF 1112/001,NHẬT PHÁT,FRENCH TERRY CVC30 ECO + CVC30 ECO + E20,21.04.09.A.FA1,XANH MINT SO 21.03.05.E2,180,250,1W160,,,,7,"141,30","0,00",,,,,
196,HHI 01.21,HHI F04 - 5MR 2002/001,HOÀNG HẢI,RIB 1X1 COP40 + E40,21.04.20.B1.1,BLUE SB822 SO 21.02.26.F1,160,220,1W062,,,,1,"17,10","0,00",,,,,
197,NPT 01.21,NPT F03 - 5MF 1112/001,NHẬT PHÁT,FRENCH TERRY CVC30 ECO + CVC30 ECO + E20,21.04.09.A.FA1,XANH MINT SO 21.03.05.E2,180,250,1W155,,,,7,"140,80","0,00",,,,,
198,NPT 01.21,NPT F03 - 5MF 1112/001,NHẬT PHÁT,FRENCH TERRY CVC30 ECO + CVC30 ECO + E20,21.04.09.A.FA1,XANH MINT SO 21.03.05.E2,180,250,1W159,,,,7,"143,30","0,00",,,,,
199,NPT 01.21,NPT F03 - 5MR 2000/001,NHẬT PHÁT,RIB 2X2 CVC30 ECO + E70,21.04.09.A.FA1,XANH MINT SO 21.03.05.E2,120,350,1W359,,,,2,"39,50","0,00",,,,,
200,NPT 01.21,NPT F03 - 5MR 2000/001,NHẬT PHÁT,RIB 2X2 CVC30 ECO + E70,21.03.05.W1,TRẮNG,120,350,1W420,,,,2,"30,50","0,00",,,,,
201,NPT 01.21,NPT F03 - 5MR 2000/001,NHẬT PHÁT,RIB 2X2 CVC30 ECO + E70,21.04.09.A.FA1,XANH MINT SO 21.03.05.E2,120,350,1W358,,,,2,"40,10","0,00",,,,,
202,NPT 01.21,NPT F03 - 5MR 2000/001,NHẬT PHÁT,RIB 2X2 CVC30 ECO + E70,21.03.05.W1,TRẮNG,120,350,1W318,,,,3,"60,30","0,00",,,,,
203,NPT 01.21,NPT F03 - 5MR 2000/001,NHẬT PHÁT,RIB 2X2 CVC30 ECO + E70,21.04.09.A.FA1,XANH MINT SO 21.03.05.E2,120,350,1W361,,,,2,"39,90","0,00",,,,,
204,NPT 01.21,NPT F03 - 5MF 1112/001,NHẬT PHÁT,FRENCH TERRY CVC30 ECO + CVC30 ECO + E20,21.04.09.A.FA1,XANH MINT SO 21.03.05.E2,180,250,1W161,,,,7,"141,70","0,00",,,,,
205,NPT 01.21,NPT F03 - 5MR 2000/001,NHẬT PHÁT,RIB 2X2 CVC30 ECO + E70,21.03.05.W1,TRẮNG,120,350,1W315,,,,3,"60,10","0,00",,,,,
206,NPT 01.21,NPT F03 - 5MR 2000/001,NHẬT PHÁT,RIB 2X2 CVC30 ECO + E70,21.04.09.A.FA1,XANH MINT SO 21.03.05.E2,120,350,1W360,,,,2,"40,10","0,00",,,,,
207,NPT 01.21,NPT F03 - 5MR 2000/001,NHẬT PHÁT,RIB 2X2 CVC30 ECO + E70,21.03.05.W1,TRẮNG,120,350,1W309,,,,3,"60,10","0,00",,,,,
208,NPT 01.21,NPT F03 - 5MR 2000/001,NHẬT PHÁT,RIB 2X2 CVC30 ECO + E70,21.03.05.W1,TRẮNG,120,350,1W298,,,,2,"40,40","0,00",,,,,
209,NPT 01.21,NPT F03 - 5MR 2000/001,NHẬT PHÁT,RIB 2X2 CVC30 ECO + E70,21.03.05.W1,TRẮNG,120,350,1W297,,,,2,"40,10","0,00",,,,,
210,NPT 01.21,NPT F03 - 5MR 2000/001,NHẬT PHÁT,RIB 2X2 CVC30 ECO + E70,21.03.05.W1,TRẮNG,120,350,1W308,,,,3,"60,30","0,00",,,,,
211,NPT 01.21,NPT F03 - 5MR 2000/001,NHẬT PHÁT,RIB 2X2 CVC30 ECO + E70,21.03.05.W1,TRẮNG,120,350,1W302,,,,2,"40,10","0,00",,,,,
212,NPT 01.21,NPT F03 - 5MR 2000/001,NHẬT PHÁT,RIB 2X2 CVC30 ECO + E70,21.03.05.W1,TRẮNG,120,350,1W301,,,,2,"40,30","0,00",,,,,
213,NPT 01.21,NPT F03 - 5MR 2000/001,NHẬT PHÁT,RIB 2X2 CVC30 ECO + E70,21.03.05.W1,TRẮNG,120,350,1W293,,,,2,"40,20","0,00",,,,,
214,NPT 01.21,NPT F03 - 5MR 2000/001,NHẬT PHÁT,RIB 2X2 CVC30 ECO + E70,21.03.05.W1,TRẮNG,120,350,1W296,,,,2,"39,70","0,00",,,,,
215,NPT 01.21,NPT F03 - 5MR 2000/001,NHẬT PHÁT,RIB 2X2 CVC30 ECO + E70,21.03.05.W1,TRẮNG,120,350,1W295,,,,2,"40,10","0,00",,,,,
216,NPT 01.21,NPT F03 - 5MR 2000/001,NHẬT PHÁT,RIB 2X2 CVC30 ECO + E70,21.03.05.W1,TRẮNG,120,350,1W300,,,,2,"40,30","0,00",,,,,
217,NPT 01.21,NPT F03 - 5MR 2000/001,NHẬT PHÁT,RIB 2X2 CVC30 ECO + E70,21.03.05.W1,TRẮNG,120,350,1W299,,,,2,"40,40","0,00",,,,,
218,NPT 01.21,NPT F03 - 5MR 2000/001,NHẬT PHÁT,RIB 2X2 CVC30 ECO + E70,21.03.05.W1,TRẮNG,120,350,1W294,,,,2,"40,20","0,00",,,,,
219,NPT 01.21,NPT F03 - 5MR 2000/001,NHẬT PHÁT,RIB 2X2 CVC30 ECO + E70,21.03.05.W1,TRẮNG,120,350,1W284,,,,2,"40,50","0,00",,,,,
220,NPT 01.21,NPT F03 - 5MR 2000/001,NHẬT PHÁT,RIB 2X2 CVC30 ECO + E70,21.03.05.W1,TRẮNG,120,350,1W286,,,,2,"40,50","0,00",,,,,
221,NPT 01.21,NPT F03 - 5MF 1112/002,NHẬT PHÁT,FRENCH TERRY CVC30 ECO + CVC30 ECO + E20,21.03.05.W1,TRẮNG,180,250,1W079,,,,6,"121,40","0,00",,,,,
222,NPT 01.21,NPT F03 - 5MR 2000/001,NHẬT PHÁT,RIB 2X2 CVC30 ECO + E70,21.03.05.W1,TRẮNG,120,350,1W285,,,,2,"40,90","0,00",,,,,
223,NPT 01.21,NPT F03 - 5MR 2000/001,NHẬT PHÁT,RIB 2X2 CVC30 ECO + E70,21.03.05.W1,TRẮNG,120,350,1W292,,,,2,"40,40","0,00",,,,,
224,NPT 01.21,NPT F03 - 5MR 2000/001,NHẬT PHÁT,RIB 2X2 CVC30 ECO + E70,21.03.05.W1,TRẮNG,120,350,1W290,,,,2,"40,30","0,00",,,,,
225,NPT 01.21,NPT F03 - 5MR 2000/001,NHẬT PHÁT,RIB 2X2 CVC30 ECO + E70,21.03.05.W1,TRẮNG,120,350,1W283,,,,2,"39,70","0,00",,,,,
226,NPT 01.21,NPT F03 - 5MR 2000/001,NHẬT PHÁT,RIB 2X2 CVC30 ECO + E70,21.03.05.W1,TRẮNG,120,350,1W291,,,,2,"40,50","0,00",,,,,
227,HGG 06.21,HGG 398 - 5MR 1172/085,HOÀNG GIA,RIB 1X1 COP26 ECO + E20,21.04.09.B1.1,BLUE-SB060 SO 20.12.02.B1,165,280,1W618,,,,1,"15,30","0,00",,,,,
228,MAU 03.21,MAU 342 - 5MT 92002,LÀM MẪU / MÂU KHÁCH,KHĂN E-SUPER 100/3,-,-,-,405,1W013,,,,1,"2,30","0,00",,,,,
229,MAU 03.21,MAU 341 - 5MT 92001,LÀM MẪU / MÂU KHÁCH,KHĂN PET 150/3,-,-,-,575,1W012,,,,1,"2,10","0,00",,,,,
230,MAU 03.21,MAU 306 - 5MT 91197,CTY THIỆN CHÍ,SINGLE CO30,,,,,1X842,,,,1,"21,30","0,00",,,HÀNG CÓ WASH+COMPCT.
ĐHTP THAM KHẢO A. HẢI,,
231,BOO 09.21,BOO 366 - 5MR 1172/050,BOO,RIB 1X1 COP26 ECO + E20,20.12.18.B1.1,CAM ORANGE TIGER SO 20.12.18.B1,165,280,1X805,,,,1,"15,10","0,00",,,,,
232,BOO 08.21,BOO 365 - 5MR 1172/048,BOO,RIB 1X1 COP26 ECO + E20,20.12.26.B1,ĐEN SO 19.04.25.F1,165,280,1X300,,,,1,"15,10","0,00",,,,,
233,BOO 08.21,BOO 365 - 5MR 1172/048,BOO,RIB 1X1 COP26 ECO + E20,20.12.26.B1,ĐEN SO 19.04.25.F1,165,280,1X299,,,,1,"15,10","0,00",,,,,
234,BOO 08.21,BOO 365 - 5MR 1172/048,BOO,RIB 1X1 COP26 ECO + E20,21.03.04.E1.1,CAM ORANGE TIGER SO 20.12.18.B1,165,280,1X386,,,,1,"15,40","0,00",,,,,
235,BOO 08.21,BOO 365 - 5MR 1172/048,BOO,RIB 1X1 COP26 ECO + E20,21.03.04.E1.1,CAM ORANGE TIGER SO 20.12.18.B1,165,280,1X385,,,,1,"15,40","0,00",,,,,
236,BOO 15.21,BOO 385 - 5MR 1172/081,BOO,RIB 1X1 COP26 ECO + E20,20.11.14.A1,ĐEN SO 19.04.25.F1,165,280,1X638,,,,1,"13,20","0,00",,,,,
237,BOO 15.21,BOO 385 - 5MR 1172/081,BOO,RIB 1X1 COP26 ECO + E20,20.11.14.A1,ĐEN SO 19.04.25.F1,165,280,1X639,,,,1,"14,60","0,00",,,,,
238,BOO 09.21,BOO 366 - 5MR 1172/050,BOO,RIB 1X1 COP26 ECO + E20,20.12.18.B1.1,CAM ORANGE TIGER SO 20.12.18.B1,165,280,1Z952,,,,1,"15,10","0,00",,,,,
239,NPT 01.21,NPT F03 - 5MF 1112/002,NHẬT PHÁT,FRENCH TERRY CVC30 ECO + CVC30 ECO + E20,21.04.12.D.FA1,RÊU SO 21.03.05.N2,180,250,1W239,,,,7,"142,40","0,00",,,,,
240,NPT 01.21,NPT F03 - 5MF 1112/002,NHẬT PHÁT,FRENCH TERRY CVC30 ECO + CVC30 ECO + E20,21.04.12.D.FA1,RÊU SO 21.03.05.N2,180,250,1W240,,,,7,"141,60","0,00",,,,,
241,NPT 01.21,NPT F03 - 5MF 1112/001,NHẬT PHÁT,FRENCH TERRY CVC30 ECO + CVC30 ECO + E20,21.04.10.A.FA1,XANH NAVY SO 21.03.05.N2,180,250,1W217,,,,7,"141,10","0,00",,,,,
242,NPT 01.21,NPT F03 - 5MF 1112/002,NHẬT PHÁT,FRENCH TERRY CVC30 ECO + CVC30 ECO + E20,21.04.12.D.FA1,RÊU SO 21.03.05.N2,180,250,1W242,,,,8,"162,00","0,00",,,,,
243,ONF 12.21 - S1MKL0119350,ONF 411 - 5MB 1183/024,ONOFF,BO CỔ COP40//4 SUPIMA + E30,21.04.22.F1.1,MOROCCAN BLUE - SBB15 SO 21.03.01.H1,43* 8.5,26,1W702,,,,1,"8,30","0,00",,,,,
244,NPT 01.21,NPT F03 - 5MF 1112/002,NHẬT PHÁT,FRENCH TERRY CVC30 ECO + CVC30 ECO + E20,21.04.12.D.FA1,RÊU SO 21.03.05.N2,180,250,1W241,,,,6,"121,90","0,00",,,,,
245,NPT 01.21,NPT F03 - 5MF 1112/001,NHẬT PHÁT,FRENCH TERRY CVC30 ECO + CVC30 ECO + E20,21.04.10.A.FA1,XANH NAVY SO 21.03.05.N2,180,250,1W228,,,,8,"160,90","0,00",,,,,
246,NPT 01.21,NPT F03 - 5MR 2000/001,NHẬT PHÁT,RIB 2X2 CVC30 ECO + E70,21.04.08.C.FA1,ĐEN SO 21.03.05.M1,120,350,1W446,,,,2,"40,70","0,00",,,,,
247,NPT 01.21,NPT F03 - 5MR 2000/001,NHẬT PHÁT,RIB 2X2 CVC30 ECO + E70,21.04.10.C.FA1,CỔ VỊT SO 21.03.05.P1,120,350,1W369,,,,2,"40,60","0,00",,,,,
248,HGG 09.21,HGG 422 - 5MS 0836/004,HOÀNG GIA,SINGLE COP30 ECO,,,185,160,1V052,,,,8,"162,00","0,00",,,,,
249,NPT 01.21,NPT F03 - 5MR 2000/001,NHẬT PHÁT,RIB 2X2 CVC30 ECO + E70,21.04.10.C.FA1,CỔ VỊT SO 21.03.05.P1,120,350,1W368,,,,2,"30,30","0,00",,,,,
250,NPT 01.21,NPT F03 - 5MF 1112/001,NHẬT PHÁT,FRENCH TERRY CVC30 ECO + CVC30 ECO + E20,21.04.10.A.FA1,XANH NAVY SO 21.03.05.N2,180,250,1W216,,,,7,"141,50","0,00",,,,,
251,HGG 09.21,HGG 422 - 5MS 0836/004,HOÀNG GIA,SINGLE COP30 ECO,,,185,160,1V047,,,,8,"150,70","0,00",,,,,
252,NPT 01.21,NPT F03 - 5MF 1112/001,NHẬT PHÁT,FRENCH TERRY CVC30 ECO + CVC30 ECO + E20,21.04.10.A.FA1,XANH NAVY SO 21.03.05.N2,180,250,1W233,,,,8,"164,90","0,00",,,,,
253,HGG 09.21,HGG 422 - 5MS 0836/004,HOÀNG GIA,SINGLE COP30 ECO,,,185,160,1V048,,,,9,"174,70","0,00",,,,,
254,HGG 09.21,HGG 422 - 5MS 0836/004,HOÀNG GIA,SINGLE COP30 ECO,,,185,160,1V046,,,,7,"142,20","0,00",,,,,
255,HGG 09.21,HGG 422 - 5MS 0836/004,HOÀNG GIA,SINGLE COP30 ECO,,,185,160,1V049,,,,9,"174,30","0,00",,,,,
256,NPT 01.21,NPT F03 - 5MF 1112/001,NHẬT PHÁT,FRENCH TERRY CVC30 ECO + CVC30 ECO + E20,21.04.10.A.FA1,XANH NAVY SO 21.03.05.N2,180,250,1W234,,,,8,"162,70","0,00",,,,,
257,NPT 01.21,NPT F03 - 5MF 1112/001,NHẬT PHÁT,FRENCH TERRY CVC30 ECO + CVC30 ECO + E20,21.04.10.A.FA1,XANH NAVY SO 21.03.05.N2,180,250,1W230,,,,8,"162,00","0,00",,,,,
258,NPT 01.21,NPT F03 - 5MF 1112/001,NHẬT PHÁT,FRENCH TERRY CVC30 ECO + CVC30 ECO + E20,21.04.10.A.FA1,XANH NAVY SO 21.03.05.N2,180,250,1W231,,,,8,"161,50","0,00",,,,,
259,NPT 01.21,NPT F03 - 5MF 1112/001,NHẬT PHÁT,FRENCH TERRY CVC30 ECO + CVC30 ECO + E20,21.04.10.A.FA1,XANH NAVY SO 21.03.05.N2,180,250,1W229,,,,8,"153,10","0,00",,,,,
260,NPT 01.21,NPT F03 - 5MF 1112/002,NHẬT PHÁT,FRENCH TERRY CVC30 ECO + CVC30 ECO + E20,21.04.12.D.FA1,RÊU SO 21.03.05.N2,180,250,1W238,,,,7,"142,20","0,00",,,,,
261,NPT 01.21,NPT F03 - 5MF 1112/001,NHẬT PHÁT,FRENCH TERRY CVC30 ECO + CVC30 ECO + E20,21.04.10.A.FA1,XANH NAVY SO 21.03.05.N2,180,250,1W232,,,,8,"160,60","0,00",,,,,
262,HGG 09.21,HGG 422 - 5MS 0836/004,HOÀNG GIA,SINGLE COP30 ECO,,,185,160,1V062,,,,7,"142,20","0,00",,,,,
263,HGG 09.21,HGG 422 - 5MS 0836/004,HOÀNG GIA,SINGLE COP30 ECO,,,185,160,1V044,,,,9,"182,50","0,00",,,,,
264,HGG 09.21,HGG 422 - 5MS 0836/004,HOÀNG GIA,SINGLE COP30 ECO,,,185,160,1V061,,,,8,"160,80","0,00",,,,,
265,HGG 09.21,HGG 422 - 5MS 0836/004,HOÀNG GIA,SINGLE COP30 ECO,,,185,160,1V045,,,,9,"182,40","0,00",,,,,
266,HGG 09.21,HGG 422 - 5MS 0836/004,HOÀNG GIA,SINGLE COP30 ECO,,,185,160,1V043,,,,9,"183,10","0,00",,,,,
267,HGG 09.21,HGG 422 - 5MS 0836/004,HOÀNG GIA,SINGLE COP30 ECO,,,185,160,1V051,,,,8,"161,10","0,00",,,,,
268,HGG 09.21,HGG 422 - 5MS 0836/004,HOÀNG GIA,SINGLE COP30 ECO,,,185,160,1V060,,,,8,"162,20","0,00",,,,,
269,HGG 09.21,HGG 422 - 5MS 0836/004,HOÀNG GIA,SINGLE COP30 ECO,,,185,160,1V056,,,,8,"162,00","0,00",,,,,
270,HGG 09.21,HGG 422 - 5MS 0836/004,HOÀNG GIA,SINGLE COP30 ECO,,,185,160,1V058,,,,9,"171,70","0,00",,,,,
271,HGG 09.21,HGG 422 - 5MS 0836/004,HOÀNG GIA,SINGLE COP30 ECO,,,185,160,1V057,,,,8,"161,70","0,00",,,,,
272,HGG 09.21,HGG 422 - 5MS 0836/004,HOÀNG GIA,SINGLE COP30 ECO,,,185,160,1V063,,,,8,"150,80","0,00",,,,,
273,HGG 09.21,HGG 422 - 5MS 0836/004,HOÀNG GIA,SINGLE COP30 ECO,,,185,160,1V059,,,,9,"172,10","0,00",,,,,
274,HGG 09.21,HGG 422 - 5MS 0836/004,HOÀNG GIA,SINGLE COP30 ECO,,,185,160,1V042,,,,9,"183,60","0,00",,,,,
275,HGG 02.21 - TSHW09+11+16+18,HGG 382 - 5MR 1172/074,HOÀNG GIA,RIB 1X1 COP26 + E20,21.04.10.T1,BRIGHT WHITE SO 21.03.08.W2,170,270,1W545,,,,1,"12,10","0,00",,,Mẻ cũ 1X145 bị ố vàng hết mẻ,,
276,HDG 03.21,HDG 416 - 5MS 0836/004,CANIFA,SINGLE COP30 ECO,21.04.03.W1,WHITE 001-SW001 11-0601TCX,185,160,1V019,,,,9,"182,10","0,00",,,,,
277,HGG 06.21,HGG 398 - 5MS 0836/001,HOÀNG GIA,SINGLE COP30 ECO,21.04.09.B1.1,BLUE-SB060 SO 20.12.02.B1,185,160,1W583,,,,4,"80,80","0,00",,,,,
278,ONF 12.21 - S1MKL0119350,ONF 411 - 5MB 1183/025,ONOFF,BO TAY COP40//4 SUPIMA + E30,21.04.22.F1.1,MOROCCAN BLUE - SBB15 SO 21.03.01.H1,32 * 3,26,1W714,,,,1,"4,40","0,00",,,,,
279,ONF 12.21 - S1MKL0119350,ONF 411 - 5MB 1183/023,ONOFF,BO CỔ COP40//4 SUPIMA + E30,21.04.22.F1.1,MOROCCAN BLUE - SBB15 SO 21.03.01.H1,41 * 8.5,26,1W690,,,,1,"6,20","0,00",,,,,
280,HGG 06.21,HGG 398 - 5MS 0836/002,HOÀNG GIA,SINGLE COP30 ECO,21.04.17.L1.1,XANH NGỌC ĐẬM SO 20.11.30.C1,185,160,1W596,,,,8,"160,40","0,00",,,,,
281,HGG 09.21,HGG 422 - 5MS 0836/004,HOÀNG GIA,SINGLE COP30 ECO,,,185,160,1V041,,,,10,"201,10","0,00",,,,,
282,HGG 09.21,HGG 422 - 5MS 0836/004,HOÀNG GIA,SINGLE COP30 ECO,,,185,160,1V040,,,,10,"200,40","0,00",,,,,
283,HGG 06.21,HGG 398 - 5MS 0836/002,HOÀNG GIA,SINGLE COP30 ECO,21.04.09.B1.1,BLUE-SB060 SO 20.12.02.B1,185,160,1W591,,,,8,"162,30","0,00",,,,,
284,ONF 12.21 - S1MKL0119350,ONF 411 - 5MB 1183/026,ONOFF,BO TAY COP40//4 SUPIMA + E30,21.04.22.F1.1,MOROCCAN BLUE - SBB15 SO 21.03.01.H1,35* 3,26,1W726,,,,1,"5,80","0,00",,,,,
285,HGG 06.21,HGG 398 - 5MS 0836/002,HOÀNG GIA,SINGLE COP30 ECO,21.04.09.B1.1,BLUE-SB060 SO 20.12.02.B1,185,160,1W590,,,,4,"80,60","0,00",,,,,
286,HGG 09.21,HGG 422 - 5MS 0836/004,HOÀNG GIA,SINGLE COP30 ECO,,,185,160,1V053,,,,8,"162,20","0,00",,,,,
287,TTB 04.21,TTB 231,THÁI TUẤN,ĐIỂM RY FILAMENT BÓNG 1.6,16.11.15.R1,ĐEN SO 10.06.22.R1,151,,1W542,,,,3,"110,30","444,00",,,,,
288,QHG 02.21,QHG 157 - VTH 175,QUẾ HƯƠNG,ĐIỂM VISCO - 160,,,160,70,1X475,,,,7,"162,40","808,00",,,,,
289,BOO 08.21,BOO 365 - 5MS 0680/047,BOO,SINGLE COP26 ECO,21.03.04.E1.1,CAM ORANGE TIGER SO 20.12.18.B1,180,180,1X377,,,,9,"182,60","0,00",,,,,
290,HDG 03.21,HDG 416 - 5MS 0836/004,CANIFA,SINGLE COP30 ECO,21.04.03.W1,WHITE 001-SW001 11-0601TCX,185,160,1V015,,,,9,"179,70","0,00",,,,,
291,BOO 08.21,BOO 365 - 5MS 0680/047,BOO,SINGLE COP26 ECO,20.12.26.B1,ĐEN SO 19.04.25.F1,180,180,1X287,,,,9,"181,20","0,00",,,,,
292,BOO 15.21,BOO 385 - 5MS 0582/080,BOO,SINGLE COP20 ECO,20.11.14.A1,ĐEN SO 19.04.25.F1,185,220,1X619,,,,9,"181,30","0,00",,,,,
293,HDG 01.21,HDG 404 - 5MS 0836/002,CANIFA,SINGLE COP30 ECO,21.04.02.A1.1,BLUE SO 21.04.02.A1,185,160,1W778,,,,10,"202,00","0,00",,,,,
294,NPT 02.21,NPT F06 - 5MR 1172/085,NHẬT PHÁT,RIB 1X1 COP26 ECO + E20,21.04.26.B1,ĐEN SO 19.04.25.F,165,280,1W804,,,,1,"15,20","0,00",,,,,
295,QHG 06.21,QHG 155-NÐH 175,QUẾ HƯƠNG,ĐIỂM VISCO-160,18.04.17.A1,CẢI SO 15.01.05.L1,160,70,1X918,,,,4,"155,40","802,00",,,,,
296,QHG 02.21,QHG 157 - VTH 175,QUẾ HƯƠNG,ĐIỂM VISCO - 160,,,160,70,1X474,,,,6,"167,30","825,00",,,,,
297,QHG 06.21,QHG 155-NÐH 175,QUẾ HƯƠNG,ĐIỂM VISCO-160,21.04.27.T1,ĐÔ ĐẬM SO 15.01.03.L1,160,70,1V002,,,,6,"143,80","758,00",,,Mẻ cũ 1X879 màu DÂU bị loang sọc --> Chuyển màu ĐÔ ĐẬM --> Lấy mộc làm bù màu DÂU,,
298,BOO 08.21,BOO 365 - 5MS 0680/047,BOO,SINGLE COP26 ECO,21.03.04.E1.1,CAM ORANGE TIGER SO 20.12.18.B1,180,180,1X378,,,,9,"178,60","0,00",,,,,
299,NPT 01.21,NPT F03 - 5MF 1112/002,NHẬT PHÁT,FRENCH TERRY CVC30 ECO + CVC30 ECO + E20,21.04.12.D.FA1,RÊU SO 21.03.05.N2,180,250,1W243,,,,7,"141,20","0,00",,,,,
300,HDG 03.21,HDG 416 - 5MS 0836/004,CANIFA,SINGLE COP30 ECO,21.04.03.W1,WHITE 001-SW001 11-0601TCX,185,160,1V018,,,,9,"182,30","0,00",,,,,
301,HDG 03.21,HDG 416 - 5MS 0836/004,CANIFA,SINGLE COP30 ECO,21.04.03.W1,WHITE 001-SW001 11-0601TCX,185,160,1V012,,,,10,"189,40","0,00",,,,,
302,HDG 03.21,HDG 416 - 5MS 0836/004,CANIFA,SINGLE COP30 ECO,21.04.03.W1,WHITE 001-SW001 11-0601TCX,185,160,1V016,,,,9,"181,50","0,00",,,,,
303,HDG 03.21,HDG 416 - 5MS 0836/004,CANIFA,SINGLE COP30 ECO,21.04.03.W1,WHITE 001-SW001 11-0601TCX,185,160,1V011,,,,10,"190,60","0,00",,,,,
304,ONF 10.21 - S1MKS0119346,ONF 400 - 5MS 2001/001,ONOFF,SINGLE COP40 + E22,21.04.12.B1,ĐEN ONOFFF-SKK1 SO 19.05.27.A2,165,145,1W025,,,,9,"177,20","0,00",,,,,
305,HDG 03.21,HDG 416 - 5MS 0836/004,CANIFA,SINGLE COP30 ECO,21.04.03.W1,WHITE 001-SW001 11-0601TCX,185,160,1V013,,,,9,"181,10","0,00",,,,,
306,HDG 03.21,HDG 416 - 5MS 0836/004,CANIFA,SINGLE COP30 ECO,21.04.03.W1,WHITE 001-SW001 11-0601TCX,185,160,1V014,,,,9,"181,90","0,00",,,,,
307,BOO 08.21,BOO 365 - 5MS 0680/047,BOO,SINGLE COP26 ECO,20.12.26.B1,ĐEN SO 19.04.25.F1,180,180,1X286,,,,9,"182,00","0,00",,,,,
308,HDG 03.21,HDG 416 - 5MS 0836/004,CANIFA,SINGLE COP30 ECO,21.04.03.W1,WHITE 001-SW001 11-0601TCX,185,160,1V017,,,,9,"180,50","0,00",,,,,
309,BOO 02.21,BOO 004 - 5MS 1173/005,BOO,SINGLE COP26,,,180,180,1X821,,,,1,"18,90","0,00",,,Mẻ này là BOO 004 (đợt 1) màu trắng bị dính dơ đi làm màu ĐỎ,,
310,HDG 01.21,HDG 404 - 5MS 0836/002,CANIFA,SINGLE COP30 ECO,21.04.17.B1,RED-SR102 SO 20.12.01.D2,185,160,1W780,,,,10,"202,10","0,00",,,,,
311,HGG 09.21,HGG 422 - 5MS 0836/004,HOÀNG GIA,SINGLE COP30 ECO,21.04.03.W1,WHITE 001-SW001 11-0601TCX,185,160,1V036,,,,8,"151,80","0,00",,,,,
312,HGG 09.21,HGG 422 - 5MS 0836/004,HOÀNG GIA,SINGLE COP30 ECO,,,185,160,1V050,,,,8,"161,50","0,00",,,,,
313,HGG 09.21,HGG 422 - 5MS 0836/004,HOÀNG GIA,SINGLE COP30 ECO,21.04.03.W1,WHITE 001-SW001 11-0601TCX,185,160,1V037,,,,8,"152,60","0,00",,,,,
314,NPT 01.21,NPT F03 - 5MR 2000/001,NHẬT PHÁT,RIB 2X2 CVC30 ECO + E70,21.03.05.W1,TRẮNG,120,350,1W303,,,,3,"50,40","0,00",,,,,
315,BOO 09.21,BOO 366 - 5MS 1129/049,BOO,SINGLE COP20 ECO,20.12.18.B1.1,CAM ORANGE TIGER SO 20.12.18.B1,190,205~210,1Z906,,,,9,"183,00","0,00",,,-,,
316,HGG 09.21,HGG 422 - 5MS 0836/004,HOÀNG GIA,SINGLE COP30 ECO,21.04.03.W1,WHITE 001-SW001 11-0601TCX,185,160,1V038,,,,8,"151,90","0,00",,,,,
317,HGG 09.21,HGG 422 - 5MS 0836/004,HOÀNG GIA,SINGLE COP30 ECO,,,185,160,1V055,,,,8,"163,10","0,00",,,,,
318,HGG 09.21,HGG 422 - 5MS 0836/004,HOÀNG GIA,SINGLE COP30 ECO,,,185,160,1V054,,,,8,"160,40","0,00",,,,,
319,HGG 09.21,HGG 422 - 5MS 0836/004,HOÀNG GIA,SINGLE COP30 ECO,21.04.03.W1,WHITE 001-SW001 11-0601TCX,185,160,1V039,,,,8,"151,00","0,00",,,,,
320,MAU 04.21,MAU 0370 - 5MT 91200,BAB,SINGLE CO18,-,-,200,230,1W771,,,,1,"13,60","0,00",,,HÀNG CÓ WASH + COMPACT.
KÉ THEO MÀU TRẮNG ĐH BAB 403.,,
321,IBA 04.21 - PO - NPL/A005/AF,IBA 414 - 5MS 1187/003,IBASIC VIỆT NAM,SINGLE COP50 + E20,21.04.27.D1,ĐEN SO 19.10.01.D2,170,150,1W774,,,,10,"197,60","0,00",,,,,
322,ONF 10.21 - S1MKS0119346,ONF 400 - 5MS 2001/001,ONOFF,SINGLE COP40 + E22,21.04.12.B1,ĐEN ONOFFF-SKK1 SO 19.05.27.A2,165,145,1W027,,,,9,"176,50","0,00",,,,,
323,BOO 09.21,BOO 366 - 5MS 1129/049,BOO,SINGLE COP20 ECO,20.12.18.B1.1,CAM ORANGE TIGER SO 20.12.18.B1,190,205~210,1Z900,,,,9,"180,20","0,00",,,-,,
324,BOO 09.21,BOO 366 - 5MS 1129/049,BOO,SINGLE COP20 ECO,20.12.18.B1.1,CAM ORANGE TIGER SO 20.12.18.B1,190,205~210,1Z904,,,,9,"181,50","0,00",,,-,,
325,NPT 02.21,NPT F06 - 5MS 1129/076,NHẬT PHÁT,SINGLE COP20 ECO,21.04.26.B1,ĐEN SO 19.04.25.F,190,205~210,1W799,,,,9,"177,60","0,00",,,,,
326,NPT 02.21,NPT F06 - 5MR 1172/085,NHẬT PHÁT,RIB 1X1 COP26 ECO + E20,21.04.26.B1,ĐEN SO 19.04.25.F,165,280,1W803,,,,1,"15,40","0,00",,,,,
327,BOO 15.21,BOO 385 - 5MS 0582/080,BOO,SINGLE COP20 ECO,20.11.14.A1,ĐEN SO 19.04.25.F1,185,220,1X620,,,,9,"181,60","0,00",,,,,
328,HDG 03.21,HDG 416 - 5MS 0836/004,CANIFA,SINGLE COP30 ECO,21.04.03.W1,WHITE 001-SW001 11-0601TCX,185,160,1V008,,,,9,"185,30","0,00",,,,,
329,BOO 10.21,BOO 367 - 5MR 1172/076,BOO,RIB 1X1 COP26 ECO + E20,,,165,280,1W582,,,,1,"12,00","0,00",,,Trả BOO 383,,
330,BOO 10.21,BOO 367 - 5MS 1129/075,BOO,SINGLE COP20 ECO,,,190,205~210,1W581,,,,9,"171,70","0,00",,,Trả BOO 383,,
331,BOO 09.21,BOO 366 - 5MS 1129/049,BOO,SINGLE COP20 ECO,20.12.18.B1.1,CAM ORANGE TIGER SO 20.12.18.B1,190,205~210,1Z905,,,,9,"184,80","0,00",,,-,,
332,HDG 03.21,HDG 416 - 5MS 0836/004,CANIFA,SINGLE COP30 ECO,21.04.03.W1,WHITE 001-SW001 11-0601TCX,185,160,1V010,,,,9,"181,20","0,00",,,,,
333,HDG 03.21,HDG 416 - 5MS 0836/004,CANIFA,SINGLE COP30 ECO,21.04.03.W1,WHITE 001-SW001 11-0601TCX,185,160,1V009,,,,9,"181,50","0,00",,,,,
-,CÔNG ĐOẠN: CANTCN2 - 20 MẺ,,,,,,,,,,,,,,,,,,,
334,BOO 08.21,BOO 365 - 5MS 0680/047,BOO,SINGLE COP26 ECO,21.03.04.E1.1,CAM ORANGE TIGER SO 20.12.18.B1,180,180,1X375,CANTCN2,28,,9,"181,20","0,00",,,,,
335,HGG 06.21,HGG 398 - 5MS 0836/002,HOÀNG GIA,SINGLE COP30 ECO,21.04.09.B1.1,BLUE-SB060 SO 20.12.02.B1,185,160,1W588,CANTCN2,28,,8,"149,70","0,00",,,,,
336,HGG 06.21,HGG 398 - 5MS 0836/002,HOÀNG GIA,SINGLE COP30 ECO,21.04.09.B1.1,BLUE-SB060 SO 20.12.02.B1,185,160,1W589,CANTCN2,28,,8,"150,30","0,00",,,,,
337,BOO 08.21,BOO 365 - 5MS 0680/047,BOO,SINGLE COP26 ECO,21.03.04.E1.1,CAM ORANGE TIGER SO 20.12.18.B1,180,180,1X376,CANTCN2,28,,9,"180,70","0,00",,,,,
338,HGG 06.21,HGG 398 - 5MS 0836/002,HOÀNG GIA,SINGLE COP30 ECO,21.04.17.L1.1,XANH NGỌC ĐẬM SO 20.11.30.C1,185,160,1W593,CANTCN2,28,,8,"152,20","0,00",,,,,
339,HGG 06.21,HGG 398 - 5MS 0836/002,HOÀNG GIA,SINGLE COP30 ECO,21.04.17.L1.1,XANH NGỌC ĐẬM SO 20.11.30.C1,185,160,1W592,CANTCN2,28,,8,"160,80","0,00",,,,,
340,HDG 01.21,HDG 404 - 5MS 0836/002,CANIFA,SINGLE COP30 ECO,21.04.17.F1.1,BLUE 060-SB060 SO 20.12.02.B1,185,160,1W776,CANTCN2,28,,9,"182,80","0,00",,,,,
341,HDG 01.21,HDG 404 - 5MS 0836/002,CANIFA,SINGLE COP30 ECO,21.04.17.F1.1,BLUE 060-SB060 SO 20.12.02.B1,185,160,1W777,CANTCN2,28,,9,"182,20","0,00",,,,,
342,HDG 01.21,HDG 404 - 5MR 1172/085,CANIFA,RIB 1X1 COP26 ECO + E20,21.04.17.F1.1,BLUE 060-SB060 SO 20.12.02.B1,165,280,1W787,CANTCN2,28,,1,"10,20","0,00",,,,,
343,HDG 01.21,HDG 404 - 5MR 1172/085,CANIFA,RIB 1X1 COP26 ECO + E20,21.04.17.F1.1,BLUE 060-SB060 SO 20.12.02.B1,165,280,1W788,CANTCN2,28,,1,"8,00","0,00",,,,,
344,NPT 01.21,NPT F03 - 5MF 1112/002,NHẬT PHÁT,FRENCH TERRY CVC30 ECO + CVC30 ECO + E20,21.04.12.D.FA1,RÊU SO 21.03.05.N2,180,250,1W235,CANTCN2,197,,7,"131,40","0,00",,,,,
345,NPT 01.21,NPT F03 - 5MR 2000/001,NHẬT PHÁT,RIB 2X2 CVC30 ECO + E70,21.04.12.G.FA1,NÂU SỮA SO 21.03.05.C1,120,350,1W643,CANTCN2,197,,3,"50,60","0,00",,,,,
346,BAB 02.21,BAB 403 - 5MS 0890/001,BAB,SINGLE CO16,21.04.13.A1,ĐEN SO 19.04.25.F1,200,250,1W506,CANTCN2,197,,9,"180,50","0,00",,,,,
347,NPT 01.21,NPT F03 - 5MR 2000/001,NHẬT PHÁT,RIB 2X2 CVC30 ECO + E70,21.04.12.D.FA1,RÊU SO 21.03.05.N2,120,350,1W435,CANTCN2,197,,2,"41,70","0,00",,,,,
348,HGG 06.21,HGG 398 - 5MR 1172/085,HOÀNG GIA,RIB 1X1 COP26 ECO + E20,21.04.09.B1.1,BLUE-SB060 SO 20.12.02.B1,165,280,1W616,CANTCN2,28,,1,"15,00","0,00",,,,,
349,HGG 06.21,HGG 398 - 5MR 1172/085,HOÀNG GIA,RIB 1X1 COP26 ECO + E20,21.04.09.B1.1,BLUE-SB060 SO 20.12.02.B1,165,280,1W617,CANTCN2,28,,1,"15,20","0,00",,,,,
350,HGG 06.21,HGG 398 - 5MR 1172/085,HOÀNG GIA,RIB 1X1 COP26 ECO + E20,21.04.17.L1.1,XANH NGỌC ĐẬM SO 20.11.30.C1,165,280,1W619,CANTCN2,28,,1,"10,00","0,00",,,,,
351,HGG 06.21,HGG 398 - 5MR 1172/085,HOÀNG GIA,RIB 1X1 COP26 ECO + E20,21.04.17.L1.1,XANH NGỌC ĐẬM SO 20.11.30.C1,165,280,1W620,CANTCN2,28,,1,"15,40","0,00",,,,,
352,BOO 08.21,BOO 365 - 5MR 1172/048,BOO,RIB 1X1 COP26 ECO + E20,21.03.04.E1.1,CAM ORANGE TIGER SO 20.12.18.B1,165,280,1X384,CANTCN2,28,,1,"15,50","0,00",,,,,
353,BOO 08.21,BOO 365 - 5MR 1172/048,BOO,RIB 1X1 COP26 ECO + E20,21.03.04.E1.1,CAM ORANGE TIGER SO 20.12.18.B1,165,280,1X383,CANTCN2,28,,1,"15,10","0,00",,,,,
-,CÔNG ĐOẠN: CANTCNAU - 6 MẺ,,,,,,,,,,,,,,,,,,,
354,NPT 01.21,NPT F03 - 5MF 1112/002,NHẬT PHÁT,FRENCH TERRY CVC30 ECO + CVC30 ECO + E20,21.04.12.G.FA1,NÂU SỮA SO 21.03.05.C1,180,250,1W640,CANTCNAU,197,,7,"131,90","0,00",,,,,
355,HHI 01.21,HHI F04 - 5MR 2002/001,HOÀNG HẢI,RIB 1X1 COP40 + E40,21.04.20.A1,ĐEN SO 20.10.22.A1,160,220,1W063,CANTCNAU,362,,1,"6,90","0,00",,,,,
356,NPT 01.21,NPT F03 - 5MR 2000/001,NHẬT PHÁT,RIB 2X2 CVC30 ECO + E70,21.03.05.W1,TRẮNG,120,350,1W280,CANTCNAU,466,,2,"40,60","0,00",,,,,
357,NPT 01.21,NPT F03 - 5MR 2000/001,NHẬT PHÁT,RIB 2X2 CVC30 ECO + E70,21.03.05.W1,TRẮNG,120,350,1W279,CANTCNAU,466,,2,"39,50","0,00",,,,,
358,NPT 01.21,NPT F03 - 5MR 2000/001,NHẬT PHÁT,RIB 2X2 CVC30 ECO + E70,21.03.05.W1,TRẮNG,120,350,1W281,CANTCNAU,466,,2,"40,30","0,00",,,,,
359,NPT 01.21,NPT F03 - 5MR 2000/001,NHẬT PHÁT,RIB 2X2 CVC30 ECO + E70,21.03.05.W1,TRẮNG,120,350,1W282,CANTCNAU,466,,2,"39,70","0,00",,,,,
-,CÔNG ĐOẠN: DHSB - 15 MẺ,,,,,,,,,,,,,,,,,,,
360,HDG 01.21,HDG 404 - 5MR 1172/085,CANIFA,RIB 1X1 COP26 ECO + E20,21.04.17.A1.1,RED-SR227 SO 20.12.02.D2,165,280,1W790,DHSB,197,,2,"10,40","0,00",,,,,
361,HDG 01.21,HDG 404 - 5MR 1172/085,CANIFA,RIB 1X1 COP26 ECO + E20,21.04.17.A1.1,RED-SR227 SO 20.12.02.D2,165,280,1W791,DHSB,197,,1,"9,90","0,00",,,,,
362,ONF 12.21 - S1MKL0119350,ONF 411 - 5MP 1065/082,ONOFF,PIQUE COP40 SUPIMA + E30,21.04.22.F1.1,MOROCCAN BLUE - SBB15 SO 21.03.01.H1,190,210,1W678,DHSB,153,,7,"131,30","0,00",,,,,
363,HDG 01.21,HDG 404 - 5MR 1172/085,CANIFA,RIB 1X1 COP26 ECO + E20,21.04.03.W1,WHITE 001-SW001 11-0601TCX,165,280,1W794,DHSB,197,,1,"7,30","0,00",,,,,
364,HDG 01.21,HDG 404 - 5MR 1172/085,CANIFA,RIB 1X1 COP26 ECO + E20,21.04.17.A1.1,RED-SR227 SO 20.12.02.D2,165,280,1W789,DHSB,197,,1,"10,20","0,00",,,,,
365,HDG 01.21,HDG 404 - 5MR 1172/085,CANIFA,RIB 1X1 COP26 ECO + E20,21.04.03.W1,WHITE 001-SW001 11-0601TCX,165,280,1W793,DHSB,197,,2,"10,30","0,00",,,,,
366,ONF 12.21 - S1MKL0119350,ONF 411 - 5MP 1065/082,ONOFF,PIQUE COP40 SUPIMA + E30,21.04.22.A1.1,RIO RED-SRR03 SO 20.12.23.G2,190,210,1W683,DHSB,153,,7,"130,80","0,00",,,,,
367,ONF 12.21 - S1MKL0119350,ONF 411 - 5MP 1065/082,ONOFF,PIQUE COP40 SUPIMA + E30,21.04.22.A1.1,RIO RED-SRR03 SO 20.12.23.G2,190,210,1W684,DHSB,153,,7,"131,20","0,00",,,,,
368,ONF 12.21 - S1MKL0119350,ONF 411 - 5MP 1065/082,ONOFF,PIQUE COP40 SUPIMA + E30,21.04.22.A1.1,RIO RED-SRR03 SO 20.12.23.G2,190,210,1W681,DHSB,153,,7,"132,40","0,00",,,,,
369,ONF 12.21 - S1MKL0119350,ONF 411 - 5MP 1065/018,ONOFF,PIQUE COP40 SUPIMA + E30,21.04.22.F1.1,MOROCCAN BLUE - SBB15 SO 21.03.01.H1,190,210,1W676,DHSB,153,,4,"71,20","0,00",,,,,
370,ONF 12.21 - S1MKL0119350,ONF 411 - 5MP 1065/082,ONOFF,PIQUE COP40 SUPIMA + E30,21.04.22.F1.1,MOROCCAN BLUE - SBB15 SO 21.03.01.H1,190,210,1W677,DHSB,153,,3,"60,20","0,00",,,,,
371,ONF 12.21 - S1MKL0119350,ONF 411 - 5MP 1065/082,ONOFF,PIQUE COP40 SUPIMA + E30,21.04.22.A1.1,RIO RED-SRR03 SO 20.12.23.G2,190,210,1W682,DHSB,153,,7,"131,80","0,00",,,,,
372,HHI 01.21,HHI F04 - 5MS 1171/092,HOÀNG HẢI,SINGLE COP40 + E20,21.04.20.A1,ĐEN SO 20.10.22.A1,170,170,1W049,DHSB,338,,9,"180,50","0,00",,,,,
373,HGG 06.21,HGG 398 - 5MR 1172/085,HOÀNG GIA,RIB 1X1 COP26 ECO + E20,21.04.17.L1.1,XANH NGỌC ĐẬM SO 20.11.30.C1,165,280,1W622,DHSB,489,,1,"15,10","0,00",,,,,
374,HGG 06.21,HGG 398 - 5MR 1172/085,HOÀNG GIA,RIB 1X1 COP26 ECO + E20,21.04.17.L1.1,XANH NGỌC ĐẬM SO 20.11.30.C1,165,280,1W621,DHSB,489,,2,"8,40","0,00",,,,,
-,CÔNG ĐOẠN: DHTP - 7 MẺ,,,,,,,,,,,,,,,,,,,
375,HGG 07.21,HGG 399 - 5MP 0001/001,HOÀNG GIA,PIQUE CVC40 + E30,21.04.07.W1,TRẮNG,190,220,1W475,DHTP,153,,8,"159,30","0,00",,,,,
376,NPT 01.21,NPT F03 - 5MF 1112/001,NHẬT PHÁT,FRENCH TERRY CVC30 ECO + CVC30 ECO + E20,21.03.05.W1,TRẮNG,180,250,1W075,DHTP,197,,8,"152,20","0,00",,,,,
377,NPT 01.21,NPT F03 - 5MF 1112/001,NHẬT PHÁT,FRENCH TERRY CVC30 ECO + CVC30 ECO + E20,21.03.05.W1,TRẮNG,180,250,1W076,DHTP,197,,7,"141,60","0,00",,,,,
378,QHG 02.21,QHG 157 - VTH 175,QUẾ HƯƠNG,ĐIỂM VISCO - 160,14.09.12.B1,NGỌC LỢT SO 12.07.10.C1,160,70,1X472,DHTP,197,,7,"163,90","805,00",,,,,
379,QHG 02.21,QHG 157 - VTH 175,QUẾ HƯƠNG,ĐIỂM VISCO - 160,14.09.12.B1,NGỌC LỢT SO 12.07.10.C1,160,70,1X473,DHTP,153,,7,"161,00","784,00",,,,,
380,ONF 10.21 - S1MKS0119346,ONF 400 - 5MS 2001/001,ONOFF,SINGLE COP40 + E22,21.02.27.W2,TRẮNG MUJI,165,145,1W750,DHTP,338,,9,"180,10","0,00",,,,,
381,NPT 01.21,NPT F03 - 5MF 1112/001,NHẬT PHÁT,FRENCH TERRY CVC30 ECO + CVC30 ECO + E20,21.04.09.A.FA1,XANH MINT SO 21.03.05.E2,180,250,1W153,DHTP,28,,7,"143,90","0,00",,,,,
-,CÔNG ĐOẠN: GIATNONG - 5 MẺ,,,,,,,,,,,,,,,,,,,
382,BOO 09.21,BOO 366 - 5MR 1172/050,BOO,RIB 1X1 COP26 ECO + E20,20.12.18.B1.1,CAM ORANGE TIGER SO 20.12.18.B1,165,280,1X071,GIATNONG,1036,,1,"14,90","0,00",,,,,
383,BOO 09.21,BOO 366 - 5MR 1172/050,BOO,RIB 1X1 COP26 ECO + E20,20.12.18.B1.1,CAM ORANGE TIGER SO 20.12.18.B1,165,280,1X072,GIATNONG,1036,,1,"14,60","0,00",,,,,
384,BOO 09.21,BOO 366 - 5MR 1172/050,BOO,RIB 1X1 COP26 ECO + E20,20.12.18.B1.1,CAM ORANGE TIGER SO 20.12.18.B1,165,280,1X073,GIATNONG,1036,,1,"15,50","0,00",,,,,
385,BOO 09.21,BOO 366 - 5MR 1172/050,BOO,RIB 1X1 COP26 ECO + E20,20.12.18.B1.1,CAM ORANGE TIGER SO 20.12.18.B1,165,280,1X074,GIATNONG,1036,,1,"14,80","0,00",,,,,
386,BOO 09.21,BOO 366 - 5MR 1172/050,BOO,RIB 1X1 COP26 ECO + E20,20.12.18.B1.1,CAM ORANGE TIGER SO 20.12.18.B1,165,280,1X075,GIATNONG,1036,,1,"14,80","0,00",,,,,
-,CÔNG ĐOẠN: NAU+CL - 2 MẺ,,,,,,,,,,,,,,,,,,,
387,NPT 01.21,NPT F03 - 5MF 1112/001,NHẬT PHÁT,FRENCH TERRY CVC30 ECO + CVC30 ECO + E20,21.03.05.W1,TRẮNG,180,250,1W077,NAU+CL,153,,7,"141,20","0,00",,,,,
388,NPT 01.21,NPT F03 - 5MF 1112/001,NHẬT PHÁT,FRENCH TERRY CVC30 ECO + CVC30 ECO + E20,21.03.05.W1,TRẮNG,180,250,1W078,NAU+CL,153,,7,"141,80","0,00",,,,,
-,CÔNG ĐOẠN: SAY - 9 MẺ,,,,,,,,,,,,,,,,,,,
389,BOO 02.21,BOO 004 - 5MS 1173/005,BOO,SINGLE COP26,21.03.25.C1.1,STRONG BLUE SO 20.07.31.E2,180,180,1X808,SAY,153,,9,"183,00","0,00",,,,,
390,HGG 06.21,HGG 398 - 5MS 0836/002,HOÀNG GIA,SINGLE COP30 ECO,20.12.01.W1,WHITE SW001,185,160,1W608,SAY,153,,8,"162,10","0,00",,,,,
391,BOO 10.21,BOO 367 - 5MS 0582/051,BOO,SINGLE COP20 ECO,20.12.18.B1.1,CAM ORANGE TIGER SO 20.12.18.B1,185,220,1X429,SAY,153,,9,"181,60","0,00",,,,,
392,HGG 06.21,HGG 398 - 5MS 0836/002,HOÀNG GIA,SINGLE COP30 ECO,20.12.01.W1,WHITE SW001,185,160,1W611,SAY,197,,8,"162,50","0,00",,,,,
393,HGG 06.21,HGG 398 - 5MS 0836/002,HOÀNG GIA,SINGLE COP30 ECO,20.12.01.W1,WHITE SW001,185,160,1W610,SAY,197,,8,"159,30","0,00",,,,,
394,HGG 06.21,HGG 398 - 5MS 0836/002,HOÀNG GIA,SINGLE COP30 ECO,20.12.01.W1,WHITE SW001,185,160,1W609,SAY,153,,8,"160,60","0,00",,,,,
395,BOO 08.21,BOO 365 - 5MS 0680/047,BOO,SINGLE COP26 ECO,21.03.04.E1.1,CAM ORANGE TIGER SO 20.12.18.B1,180,180,1X373,SAY,197,,9,"173,70","0,00",,,,,
396,BOO 02.21,BOO 004 - 5MS 1173/005,BOO,SINGLE COP26,21.03.25.A1,ĐỎ SO 20.08.01.A2,180,180,1X855,SAY,197,,5,"121,30","0,00",,,,,
397,BOO 02.21,BOO 004 - 5MS 1173/095,BOO,SINGLE COP26,21.03.25.A1,ĐỎ SO 20.08.01.A2,180,180,1X856,SAY,197,,3,"60,90","0,00",,,,,
-,CÔNG ĐOẠN: WASHUOT - 14 MẺ,,,,,,,,,,,,,,,,,,,
398,BOO 09.21,BOO 366 - 5MS 1129/049,BOO,SINGLE COP20 ECO,21.04.24.T1,GHI ĐẬM SO 19.10.31.P1,190,205~210,1W811,WASHUOT,197,,9,"183,20","0,00",,,Mẻ cũ 1X802 bị sai màu --> Châm màu,,
399,HDG 02.21 - MKSCO160G004,HDG 415 - 5MS 0836/003,CANIFA,SINGLE CO30ML - SA534,,,185,160,1W758,WASHUOT,197,,9,"181,90","0,00",,,,,
400,BOO 10.21,BOO 367 - 5MS 0582/080,BOO,SINGLE COP20 ECO,21.03.29.A1.1,HỒNG CORAL BLUSH SO 21.02.27.C1,185,220,1W670,WASHUOT,197,,9,"181,40","0,00",,,Mẻ cũ 1X436 màu HỒNG CORAL BLUSH của BOO 367 bị vết màu --> Chuyển đen cho đơn hàng BOO 385 --> Lấy mộc của BOO 385 làm bù,,
401,HGG 06.21,HGG 398 - 5MS 0836/002,HOÀNG GIA,SINGLE COP30 ECO,20.12.01.W1,WHITE SW001,185,160,1W607,WASHUOT,197,,8,"160,80","0,00",,,,,
402,BOO 08.21,BOO 365 - 5MS 0680/047,BOO,SINGLE COP26 ECO,21.03.04.E1.1,CAM ORANGE TIGER SO 20.12.18.B1,180,180,1X371,WASHUOT,197,,9,"170,10","0,00",,,,,
403,HGG 06.21,HGG 398 - 5MS 0836/002,HOÀNG GIA,SINGLE COP30 ECO,20.12.01.W1,WHITE SW001,185,160,1W606,WASHUOT,197,,8,"161,00","0,00",,,,,
404,BOO 08.21,BOO 365 - 5MS 0680/047,BOO,SINGLE COP26 ECO,21.03.04.E1.1,CAM ORANGE TIGER SO 20.12.18.B1,180,180,1X372,WASHUOT,197,,9,"172,20","0,00",,,,,
405,HGG 06.21,HGG 398 - 5MS 0836/002,HOÀNG GIA,SINGLE COP30 ECO,20.12.09.C1.1,RED - SR227 SO 20.12.02.D2,185,160,1W603,WASHUOT,197,,8,"160,70","0,00",,,,,
406,HZA 01.21,HZA 387 - 5MT 4517,HAZZA,FRENCH TERRY COP30 ECO+COP30 ECO+CO16,,,180,290,1W805,WASHUOT,338,,8,"148,40","0,00",,,Mẻ cũ 1X774 bị sai màu --> Châm màu,,
407,BAB 02.21,BAB 403 - 5MS 0890/001,BAB,SINGLE CO16,21.04.13.W2,TRẮNG 20.06.05.W1,200,250,1W497,WASHUOT,338,,9,"171,10","0,00",,,,,
408,BOO 08.21,BOO 365 - 5MS 0680/047,BOO,SINGLE COP26 ECO,20.12.25.B1.1,VÀNG BEESWAX SO 20.12.05.A1,180,180,1X344,WASHUOT,338,,9,"178,70","0,00",,,,,
409,BAB 02.21,BAB 403 - 5MS 0890/001,BAB,SINGLE CO16,21.04.13.W2,TRẮNG 20.06.05.W1,200,250,1W498,WASHUOT,338,,9,"171,30","0,00",,,,,
410,HZA 01.21,HZA 387 - 5MT 4517,HAZZA,FRENCH TERRY COP30 ECO+COP30 ECO+CO16,21.03.24.B1.1,HOT CHOCOLATE SO 21.01.25.B2,180,290,1X775,WASHUOT,338,,7,"139,40","0,00",,,,,
411,HZA 01.21,HZA 387 - 5MS 0837/092,HAZZA,SINGLE COP30 ECO,21.03.26.A1.1,JET BLACK SO 21.01.23.H1,190,150,1X785,WASHUOT,338,,1,"12,30","0,00",,,,,
-,CÔNG ĐOẠN: XUATMOC - 3 MẺ,,,,,,,,,,,,,,,,,,,
412,MAU 03.21,MAU - 5MT 91196,360,PIQUE CO40 SLUB + E30,,,190,-,1X757,XUATMOC,1034,,1,"8,80","0,00",,,HÀNG CÓ WASH + COMPACT. THAM KHẢO LẠI ANH HẢI,,
413,MAU 03.21,CTX - 5MT 91195,COUPLE TX,SINGLE CO16,,,200,250,1X644,XUATMOC,1104,,1,"28,20","0,00",,,,,
414,MAU 03.21,CTX - 5MT 91194,COUPLE TX,SINGLE CO16,,,200,250,1X645,XUATMOC,1039,,1,"15,50","0,00",,,,,
-,CÔNG ĐOẠN: XXE1 - 13 MẺ,,,,,,,,,,,,,,,,,,,
415,TTB 04.21,TTB 231,THÁI TUẤN,ĐIỂM RY FILAMENT BÓNG 1.6,16.11.15.R1,ĐEN SO 10.06.22.R1,151,,1W539,XXE1,28,,3,"120,90","501,00",,,,,
416,HDG 01.21,HDG 404 - 5MS 0836/002,CANIFA,SINGLE COP30 ECO,21.04.03.W1,WHITE 001-SW001 11-0601TCX,185,160,1W784,XXE1,28,,9,"182,60","0,00",,,,,
417,NPT 02.21,NPT F06 - 5MS 1129/076,NHẬT PHÁT,SINGLE COP20 ECO,21.04.24.A1.1,CAFE SO 21.04.21.E1,190,205~210,1W802,XXE1,28,,9,"180,40","0,00",,,,,
418,NPT 02.21,NPT F06 - 5MS 1129/076,NHẬT PHÁT,SINGLE COP20 ECO,21.04.24.A1.1,CAFE SO 21.04.21.E1,190,205~210,1W801,XXE1,153,,9,"181,70","0,00",,,,,
419,ONF 10.21 - S1MKS0119346,ONF 400 - 5MS 2001/001,ONOFF,SINGLE COP40 + E22,21.02.27.W2,TRẮNG MUJI,165,145,1W746,XXE1,28,,9,"181,60","0,00",,,,,
420,ONF 10.21 - S1MKS0119346,ONF 400 - 5MS 2001/001,ONOFF,SINGLE COP40 + E22,21.02.27.W2,TRẮNG MUJI,165,145,1W748,XXE1,28,,9,"181,90","0,00",,,,,
421,BOO 08.21,BOO 365 - 5MS 0680/047,BOO,SINGLE COP26 ECO,21.03.04.E1.1,CAM ORANGE TIGER SO 20.12.18.B1,180,180,1X374,XXE1,153,,9,"180,40","0,00",,,,,
422,BAB 02.21,BAB 403 - 5MS 0890/001,BAB,SINGLE CO16,21.04.13.W2,TRẮNG 20.06.05.W1,200,250,1W501,XXE1,338,,9,"170,80","0,00",,,,,
423,BAB 02.21,BAB 403 - 5MS 0890/001,BAB,SINGLE CO16,21.04.13.W2,TRẮNG 20.06.05.W1,200,250,1W502,XXE1,338,,9,"170,70","0,00",,,,,
424,BAB 02.21,BAB 403 - 5MS 0890/001,BAB,SINGLE CO16,21.04.13.A1,ĐEN SO 19.04.25.F1,200,250,1W504,XXE1,197,,9,"180,10","0,00",,,,,
425,HGG 07.21,HGG 399 - 5MP 0001/001,HOÀNG GIA,PIQUE CVC40 + E30,21.04.08.B2.FA2,NAVY,190,220,1W474,XXE1,28,,8,"160,60","0,00",,,,,
426,HZA 01.21,HZA 387 - 5MS 0837/092,HAZZA,SINGLE COP30 ECO,21.03.24.B1.1,HOT CHOCOLATE SO 21.01.25.B2,190,150,1X782,XXE1,338,,1,"12,40","0,00",,,,,
427,ONF 10.21 - S1MKS0119346,ONF 400 - 5MS 2001/001,ONOFF,SINGLE COP40 + E22,21.04.12.B1,ĐEN ONOFFF-SKK1 SO 19.05.27.A2,165,145,1W026,XXE1,28,,9,"180,50","0,00",,,,,
-,CÔNG ĐOẠN: XXE2 - 6 MẺ,,,,,,,,,,,,,,,,,,,
428,IBA 04.21 - PO - NPL/A005/AF,IBA 414 - 5MS 1187/003,IBASIC VIỆT NAM,SINGLE COP50 + E20,21.04.27.C1.1,DA BEIGE SO 19.10.01.N1,170,150,1W772,XXE2,28,,10,"199,50","0,00",,,,,
429,IBA 04.21 - PO - NPL/A005/AF,IBA 414 - 5MS 1187/003,IBASIC VIỆT NAM,SINGLE COP50 + E20,21.04.27.C1.1,DA BEIGE SO 19.10.01.N1,170,150,1W773,XXE2,28,,10,"200,10","0,00",,,,,
430,ONF 10.21 - S1MKS0119346,ONF 400 - 5MS 2001/001,ONOFF,SINGLE COP40 + E22,21.02.27.W2,TRẮNG MUJI,165,145,1W751,XXE2,28,,9,"177,80","0,00",,,,,
431,ONF 10.21 - S1MKS0119346,ONF 400 - 5MS 2001/001,ONOFF,SINGLE COP40 + E22,21.02.27.W2,TRẮNG MUJI,165,145,1W752,XXE2,28,,9,"181,90","0,00",,,,,
432,ONF 12.21 - S1MKL0119350,ONF 411 - 5MP 1065/082,ONOFF,PIQUE COP40 SUPIMA + E30,21.04.22.F1.1,MOROCCAN BLUE - SBB15 SO 21.03.01.H1,190,210,1W679,XXE2,153,,7,"127,30","0,00",,,,,
433,ONF 12.21 - S1MKL0119350,ONF 411 - 5MP 1065/082,ONOFF,PIQUE COP40 SUPIMA + E30,21.04.22.F1.1,MOROCCAN BLUE - SBB15 SO 21.03.01.H1,190,210,1W680,XXE2,153,,7,"131,50","0,00",,,,,
